Dataset,Document_File,Generation_Time_Seconds
roam_prescription_based_prediction,document_83197.json,428.57
roam_prescription_based_prediction,document_91477.json,30.16
roam_prescription_based_prediction,document_43837.json,11.2
roam_prescription_based_prediction,document_66293.json,197.72
roam_prescription_based_prediction,document_67505.json,116.13
roam_prescription_based_prediction,document_33363.json,51.49
roam_prescription_based_prediction,document_49816.json,1545.25
roam_prescription_based_prediction,document_103352.json,69.54
roam_prescription_based_prediction,document_32732.json,11.58
roam_prescription_based_prediction,document_115169.json,18.66
roam_prescription_based_prediction,document_104732.json,203.45
roam_prescription_based_prediction,document_106715.json,155.16
roam_prescription_based_prediction,document_2315.json,13.47
roam_prescription_based_prediction,document_87825.json,12.95
roam_prescription_based_prediction,document_66775.json,15.29
roam_prescription_based_prediction,document_29518.json,14.36
roam_prescription_based_prediction,document_70628.json,86.74
roam_prescription_based_prediction,document_52627.json,35.19
roam_prescription_based_prediction,document_28095.json,35.97
roam_prescription_based_prediction,document_108747.json,36.58
roam_prescription_based_prediction,document_60357.json,19.63
roam_prescription_based_prediction,document_117776.json,14.41
roam_prescription_based_prediction,document_18536.json,259.74
roam_prescription_based_prediction,document_58708.json,55.77
roam_prescription_based_prediction,document_8939.json,338.05
roam_prescription_based_prediction,document_107116.json,14.48
roam_prescription_based_prediction,document_96420.json,32.55
roam_prescription_based_prediction,document_37297.json,32.77
roam_prescription_based_prediction,document_99884.json,354.01
roam_prescription_based_prediction,document_41086.json,16.27
roam_prescription_based_prediction,document_36883.json,13.25
roam_prescription_based_prediction,document_74304.json,321.87
roam_prescription_based_prediction,document_50570.json,34.97
roam_prescription_based_prediction,document_23953.json,627.59
roam_prescription_based_prediction,document_24106.json,13.06
roam_prescription_based_prediction,document_48766.json,64.5
roam_prescription_based_prediction,document_56355.json,16.6
roam_prescription_based_prediction,document_6086.json,99.26
roam_prescription_based_prediction,document_42868.json,52.97
roam_prescription_based_prediction,document_64860.json,89.23
roam_prescription_based_prediction,document_93732.json,57.18
roam_prescription_based_prediction,document_59131.json,75.8
roam_prescription_based_prediction,document_16907.json,343.18
roam_prescription_based_prediction,document_95400.json,15.63
roam_prescription_based_prediction,document_23568.json,51.59
roam_prescription_based_prediction,document_91015.json,15.33
roam_prescription_based_prediction,document_46308.json,17.62
roam_prescription_based_prediction,document_117145.json,54.66
roam_prescription_based_prediction,document_82385.json,38.93
roam_prescription_based_prediction,document_44706.json,97.2
roam_prescription_based_prediction,document_12832.json,19.69
roam_prescription_based_prediction,document_66358.json,12.18
roam_prescription_based_prediction,document_94160.json,12.67
roam_prescription_based_prediction,document_89628.json,13.21
roam_prescription_based_prediction,document_3140.json,38.59
roam_prescription_based_prediction,document_34557.json,12.96
roam_prescription_based_prediction,document_56182.json,12.95
roam_prescription_based_prediction,document_60882.json,49.8
roam_prescription_based_prediction,document_17876.json,243.36
roam_prescription_based_prediction,document_98945.json,56.42
roam_prescription_based_prediction,document_104338.json,12.69
roam_prescription_based_prediction,document_95689.json,14.21
roam_prescription_based_prediction,document_71690.json,25.97
roam_prescription_based_prediction,document_68317.json,19.8
roam_prescription_based_prediction,document_90126.json,127.21
roam_prescription_based_prediction,document_77287.json,10.52
roam_prescription_based_prediction,document_63800.json,31.41
roam_prescription_based_prediction,document_15523.json,12.95
roam_prescription_based_prediction,document_22120.json,11.18
roam_prescription_based_prediction,document_86343.json,11.36
roam_prescription_based_prediction,document_6048.json,42.69
roam_prescription_based_prediction,document_6093.json,28.02
roam_prescription_based_prediction,document_108202.json,14.2
roam_prescription_based_prediction,document_116563.json,45.04
roam_prescription_based_prediction,document_37646.json,32.54
roam_prescription_based_prediction,document_9614.json,25.88
roam_prescription_based_prediction,document_23987.json,16.86
roam_prescription_based_prediction,document_73932.json,28.2
roam_prescription_based_prediction,document_25705.json,38.35
roam_prescription_based_prediction,document_86914.json,42.98
roam_prescription_based_prediction,document_9612.json,14.33
roam_prescription_based_prediction,document_107516.json,42.19
roam_prescription_based_prediction,document_99358.json,30.88
roam_prescription_based_prediction,document_91645.json,12.96
roam_prescription_based_prediction,document_100944.json,11.62
roam_prescription_based_prediction,document_24986.json,63.1
roam_prescription_based_prediction,document_45694.json,52.2
roam_prescription_based_prediction,document_51642.json,13.87
roam_prescription_based_prediction,document_6289.json,37.72
roam_prescription_based_prediction,document_86927.json,56.44
roam_prescription_based_prediction,document_34914.json,14.5
roam_prescription_based_prediction,document_102158.json,72.58
roam_prescription_based_prediction,document_93599.json,68.38
roam_prescription_based_prediction,document_65388.json,70.69
roam_prescription_based_prediction,document_99864.json,81.67
roam_prescription_based_prediction,document_28788.json,14.05
roam_prescription_based_prediction,document_92857.json,101.13
roam_prescription_based_prediction,document_60224.json,20.16
roam_prescription_based_prediction,document_86790.json,241.99
roam_prescription_based_prediction,document_38965.json,141.55
roam_prescription_based_prediction,document_107668.json,24.13
roam_prescription_based_prediction,document_54167.json,14.13
roam_prescription_based_prediction,document_14658.json,39.97
roam_prescription_based_prediction,document_40659.json,51.27
roam_prescription_based_prediction,document_98009.json,15.04
roam_prescription_based_prediction,document_17416.json,80.51
roam_prescription_based_prediction,document_34047.json,58.35
roam_prescription_based_prediction,document_35116.json,33.85
roam_prescription_based_prediction,document_91367.json,41.96
roam_prescription_based_prediction,document_119384.json,28.34
roam_prescription_based_prediction,document_91786.json,14.87
roam_prescription_based_prediction,document_18594.json,15.76
roam_prescription_based_prediction,document_114656.json,72.93
roam_prescription_based_prediction,document_58444.json,43.18
roam_prescription_based_prediction,document_18763.json,65.25
roam_prescription_based_prediction,document_109477.json,14.05
roam_prescription_based_prediction,document_52685.json,14.87
roam_prescription_based_prediction,document_35642.json,20.81
roam_prescription_based_prediction,document_1395.json,38.68
roam_prescription_based_prediction,document_106605.json,13.31
roam_prescription_based_prediction,document_106210.json,55.19
roam_prescription_based_prediction,document_60974.json,63.73
roam_prescription_based_prediction,document_14803.json,32.84
roam_prescription_based_prediction,document_11714.json,89.08
roam_prescription_based_prediction,document_86700.json,56.91
roam_prescription_based_prediction,document_27302.json,42.3
roam_prescription_based_prediction,document_62582.json,17.25
roam_prescription_based_prediction,document_89006.json,15.64
roam_prescription_based_prediction,document_113746.json,40.75
roam_prescription_based_prediction,document_97445.json,20.5
roam_prescription_based_prediction,document_39701.json,33.13
roam_prescription_based_prediction,document_1071.json,36.9
roam_prescription_based_prediction,document_56913.json,18.9
roam_prescription_based_prediction,document_51476.json,17.93
roam_prescription_based_prediction,document_90777.json,34.42
roam_prescription_based_prediction,document_45648.json,37.21
roam_prescription_based_prediction,document_44593.json,16.45
roam_prescription_based_prediction,document_53062.json,383.84
roam_prescription_based_prediction,document_48740.json,56.64
roam_prescription_based_prediction,document_12448.json,107.83
roam_prescription_based_prediction,document_93063.json,47.95
roam_prescription_based_prediction,document_27530.json,13.0
roam_prescription_based_prediction,document_98420.json,36.19
roam_prescription_based_prediction,document_28888.json,15.72
roam_prescription_based_prediction,document_62327.json,57.5
roam_prescription_based_prediction,document_9318.json,36.79
roam_prescription_based_prediction,document_84807.json,13.44
roam_prescription_based_prediction,document_37153.json,16.03
roam_prescription_based_prediction,document_32506.json,67.42
roam_prescription_based_prediction,document_75508.json,16.17
roam_prescription_based_prediction,document_113021.json,13.19
roam_prescription_based_prediction,document_105751.json,36.2
roam_prescription_based_prediction,document_115164.json,12.48
roam_prescription_based_prediction,document_32633.json,53.81
roam_prescription_based_prediction,document_14892.json,73.19
roam_prescription_based_prediction,document_94273.json,247.95
roam_prescription_based_prediction,document_47630.json,37.3
roam_prescription_based_prediction,document_24304.json,41.81
roam_prescription_based_prediction,document_110824.json,13.96
roam_prescription_based_prediction,document_23389.json,12.83
roam_prescription_based_prediction,document_83151.json,13.86
roam_prescription_based_prediction,document_108566.json,14.66
roam_prescription_based_prediction,document_5519.json,58.9
roam_prescription_based_prediction,document_54274.json,78.66
roam_prescription_based_prediction,document_4524.json,40.95
roam_prescription_based_prediction,document_107490.json,17.57
roam_prescription_based_prediction,document_51948.json,67.06
roam_prescription_based_prediction,document_110805.json,13.52
roam_prescription_based_prediction,document_47960.json,22.17
roam_prescription_based_prediction,document_82812.json,71.8
roam_prescription_based_prediction,document_102676.json,59.09
roam_prescription_based_prediction,document_23303.json,101.12
roam_prescription_based_prediction,document_9702.json,14.22
roam_prescription_based_prediction,document_51170.json,41.95
roam_prescription_based_prediction,document_23828.json,38.56
roam_prescription_based_prediction,document_97343.json,13.73
roam_prescription_based_prediction,document_73338.json,15.32
roam_prescription_based_prediction,document_45090.json,14.31
roam_prescription_based_prediction,document_6127.json,37.33
roam_prescription_based_prediction,document_37240.json,17.71
roam_prescription_based_prediction,document_88423.json,14.23
roam_prescription_based_prediction,document_26315.json,43.2
roam_prescription_based_prediction,document_52285.json,34.94
roam_prescription_based_prediction,document_20042.json,58.76
roam_prescription_based_prediction,document_26999.json,107.57
roam_prescription_based_prediction,document_16226.json,59.9
roam_prescription_based_prediction,document_77032.json,16.86
roam_prescription_based_prediction,document_13021.json,56.41
roam_prescription_based_prediction,document_63832.json,36.38
roam_prescription_based_prediction,document_72309.json,48.22
roam_prescription_based_prediction,document_73662.json,36.54
roam_prescription_based_prediction,document_74455.json,39.0
roam_prescription_based_prediction,document_101128.json,16.61
roam_prescription_based_prediction,document_27600.json,46.3
roam_prescription_based_prediction,document_68773.json,36.79
roam_prescription_based_prediction,document_79828.json,61.37
roam_prescription_based_prediction,document_11393.json,75.02
roam_prescription_based_prediction,document_1186.json,13.43
roam_prescription_based_prediction,document_44575.json,89.21
roam_prescription_based_prediction,document_84298.json,13.86
roam_prescription_based_prediction,document_86650.json,14.17
roam_prescription_based_prediction,document_103768.json,17.22
roam_prescription_based_prediction,document_77256.json,15.1
roam_prescription_based_prediction,document_107016.json,37.35
roam_prescription_based_prediction,document_51711.json,17.68
roam_prescription_based_prediction,document_88209.json,39.15
roam_prescription_based_prediction,document_49261.json,37.44
roam_prescription_based_prediction,document_113941.json,95.65
roam_prescription_based_prediction,document_83579.json,43.9
roam_prescription_based_prediction,document_24885.json,15.1
roam_prescription_based_prediction,document_63191.json,13.62
roam_prescription_based_prediction,document_108482.json,16.62
roam_prescription_based_prediction,document_114648.json,74.88
roam_prescription_based_prediction,document_94614.json,37.76
roam_prescription_based_prediction,document_88655.json,39.29
roam_prescription_based_prediction,document_25659.json,18.71
roam_prescription_based_prediction,document_95456.json,38.01
roam_prescription_based_prediction,document_113588.json,79.72
roam_prescription_based_prediction,document_44734.json,66.33
roam_prescription_based_prediction,document_71039.json,47.81
roam_prescription_based_prediction,document_42192.json,16.65
roam_prescription_based_prediction,document_116378.json,37.09
roam_prescription_based_prediction,document_2696.json,61.17
roam_prescription_based_prediction,document_73161.json,24.79
roam_prescription_based_prediction,document_95925.json,14.78
roam_prescription_based_prediction,document_15632.json,15.34
roam_prescription_based_prediction,document_78068.json,97.91
roam_prescription_based_prediction,document_31824.json,14.11
roam_prescription_based_prediction,document_52743.json,43.8
roam_prescription_based_prediction,document_50094.json,16.38
roam_prescription_based_prediction,document_53065.json,53.11
roam_prescription_based_prediction,document_2656.json,36.85
roam_prescription_based_prediction,document_96097.json,15.18
roam_prescription_based_prediction,document_8700.json,44.64
roam_prescription_based_prediction,document_101745.json,14.46
roam_prescription_based_prediction,document_44298.json,15.7
roam_prescription_based_prediction,document_116164.json,87.54
roam_prescription_based_prediction,document_110993.json,26.4
roam_prescription_based_prediction,document_7601.json,36.09
roam_prescription_based_prediction,document_13123.json,282.13
roam_prescription_based_prediction,document_78839.json,45.62
roam_prescription_based_prediction,document_41140.json,16.52
roam_prescription_based_prediction,document_71714.json,14.44
roam_prescription_based_prediction,document_75255.json,106.64
roam_prescription_based_prediction,document_109504.json,36.26
roam_prescription_based_prediction,document_117974.json,15.8
roam_prescription_based_prediction,document_39273.json,36.07
roam_prescription_based_prediction,document_36259.json,34.44
roam_prescription_based_prediction,document_88118.json,58.38
roam_prescription_based_prediction,document_66397.json,14.15
roam_prescription_based_prediction,document_11203.json,82.8
roam_prescription_based_prediction,document_44287.json,352.76
roam_prescription_based_prediction,document_95629.json,14.1
roam_prescription_based_prediction,document_16422.json,40.98
roam_prescription_based_prediction,document_11968.json,66.15
roam_prescription_based_prediction,document_66201.json,56.53
roam_prescription_based_prediction,document_35947.json,16.75
roam_prescription_based_prediction,document_86273.json,86.87
roam_prescription_based_prediction,document_22312.json,16.27
roam_prescription_based_prediction,document_74570.json,81.76
roam_prescription_based_prediction,document_59804.json,37.29
roam_prescription_based_prediction,document_39991.json,48.35
roam_prescription_based_prediction,document_8163.json,68.01
roam_prescription_based_prediction,document_14231.json,86.61
roam_prescription_based_prediction,document_117787.json,18.93
roam_prescription_based_prediction,document_27892.json,21.63
roam_prescription_based_prediction,document_72554.json,35.98
roam_prescription_based_prediction,document_16377.json,14.61
roam_prescription_based_prediction,document_19141.json,30.69
roam_prescription_based_prediction,document_93173.json,13.31
roam_prescription_based_prediction,document_10757.json,36.61
roam_prescription_based_prediction,document_12334.json,73.65
roam_prescription_based_prediction,document_117737.json,16.1
roam_prescription_based_prediction,document_114842.json,60.81
roam_prescription_based_prediction,document_80546.json,91.0
roam_prescription_based_prediction,document_95955.json,163.48
roam_prescription_based_prediction,document_26266.json,13.16
roam_prescription_based_prediction,document_105317.json,17.07
roam_prescription_based_prediction,document_76308.json,40.15
roam_prescription_based_prediction,document_81289.json,96.5
roam_prescription_based_prediction,document_119303.json,42.42
roam_prescription_based_prediction,document_90540.json,11.76
roam_prescription_based_prediction,document_84228.json,83.08
roam_prescription_based_prediction,document_45682.json,86.48
roam_prescription_based_prediction,document_112601.json,12.01
roam_prescription_based_prediction,document_79545.json,30.28
roam_prescription_based_prediction,document_46368.json,11.74
roam_prescription_based_prediction,document_73177.json,52.31
roam_prescription_based_prediction,document_30726.json,61.95
roam_prescription_based_prediction,document_65094.json,75.72
roam_prescription_based_prediction,document_81542.json,59.16
roam_prescription_based_prediction,document_75231.json,14.61
roam_prescription_based_prediction,document_60119.json,12.8
roam_prescription_based_prediction,document_91284.json,95.3
roam_prescription_based_prediction,document_32936.json,19.5
roam_prescription_based_prediction,document_111994.json,15.46
roam_prescription_based_prediction,document_32564.json,33.98
roam_prescription_based_prediction,document_26668.json,98.35
roam_prescription_based_prediction,document_19043.json,42.75
roam_prescription_based_prediction,document_96560.json,38.05
roam_prescription_based_prediction,document_58643.json,31.89
roam_prescription_based_prediction,document_30068.json,57.77
roam_prescription_based_prediction,document_84074.json,16.2
roam_prescription_based_prediction,document_34882.json,89.57
roam_prescription_based_prediction,document_35222.json,105.92
roam_prescription_based_prediction,document_114532.json,38.05
roam_prescription_based_prediction,document_47912.json,13.36
roam_prescription_based_prediction,document_55456.json,42.64
roam_prescription_based_prediction,document_110546.json,50.57
roam_prescription_based_prediction,document_114027.json,43.24
roam_prescription_based_prediction,document_115083.json,64.13
roam_prescription_based_prediction,document_35563.json,94.69
roam_prescription_based_prediction,document_31828.json,41.02
roam_prescription_based_prediction,document_34477.json,75.47
roam_prescription_based_prediction,document_64820.json,16.52
roam_prescription_based_prediction,document_49033.json,37.38
roam_prescription_based_prediction,document_31906.json,80.92
roam_prescription_based_prediction,document_72966.json,57.32
roam_prescription_based_prediction,document_3088.json,36.6
roam_prescription_based_prediction,document_29060.json,35.9
roam_prescription_based_prediction,document_29573.json,18.47
roam_prescription_based_prediction,document_51970.json,129.66
roam_prescription_based_prediction,document_76000.json,14.02
roam_prescription_based_prediction,document_97563.json,23.94
roam_prescription_based_prediction,document_78.json,48.12
roam_prescription_based_prediction,document_72189.json,82.0
roam_prescription_based_prediction,document_57789.json,17.22
roam_prescription_based_prediction,document_63457.json,27.37
roam_prescription_based_prediction,document_106363.json,34.39
roam_prescription_based_prediction,document_51036.json,35.38
roam_prescription_based_prediction,document_18283.json,15.88
roam_prescription_based_prediction,document_114429.json,87.74
roam_prescription_based_prediction,document_89202.json,45.02
roam_prescription_based_prediction,document_88684.json,15.28
roam_prescription_based_prediction,document_86826.json,108.98
roam_prescription_based_prediction,document_107311.json,38.0
roam_prescription_based_prediction,document_18089.json,69.87
roam_prescription_based_prediction,document_45035.json,30.28
roam_prescription_based_prediction,document_77720.json,42.66
roam_prescription_based_prediction,document_65464.json,80.34
roam_prescription_based_prediction,document_66815.json,38.84
roam_prescription_based_prediction,document_7150.json,51.15
roam_prescription_based_prediction,document_64100.json,40.57
roam_prescription_based_prediction,document_91573.json,61.87
roam_prescription_based_prediction,document_80839.json,67.17
roam_prescription_based_prediction,document_84770.json,45.03
roam_prescription_based_prediction,document_58919.json,14.57
roam_prescription_based_prediction,document_34033.json,41.62
roam_prescription_based_prediction,document_89628.json,63.23
roam_prescription_based_prediction,document_113127.json,61.07
roam_prescription_based_prediction,document_15466.json,14.34
roam_prescription_based_prediction,document_119021.json,64.46
roam_prescription_based_prediction,document_57405.json,38.88
roam_prescription_based_prediction,document_43483.json,21.53
roam_prescription_based_prediction,document_80150.json,14.37
roam_prescription_based_prediction,document_90603.json,92.02
roam_prescription_based_prediction,document_115464.json,34.42
roam_prescription_based_prediction,document_62895.json,46.0
roam_prescription_based_prediction,document_7519.json,60.51
roam_prescription_based_prediction,document_16306.json,45.42
roam_prescription_based_prediction,document_108840.json,36.69
roam_prescription_based_prediction,document_7926.json,21.61
roam_prescription_based_prediction,document_84239.json,15.89
roam_prescription_based_prediction,document_60959.json,33.86
roam_prescription_based_prediction,document_284.json,54.81
roam_prescription_based_prediction,document_104185.json,46.66
roam_prescription_based_prediction,document_7929.json,31.8
roam_prescription_based_prediction,document_16531.json,40.59
roam_prescription_based_prediction,document_33594.json,14.88
roam_prescription_based_prediction,document_4547.json,48.2
roam_prescription_based_prediction,document_22222.json,223.67
roam_prescription_based_prediction,document_15886.json,44.21
roam_prescription_based_prediction,document_104842.json,15.63
roam_prescription_based_prediction,document_28378.json,39.24
roam_prescription_based_prediction,document_73529.json,53.58
roam_prescription_based_prediction,document_4271.json,76.54
roam_prescription_based_prediction,document_98560.json,37.28
roam_prescription_based_prediction,document_20348.json,62.37
roam_prescription_based_prediction,document_50598.json,14.82
roam_prescription_based_prediction,document_118638.json,27.93
roam_prescription_based_prediction,document_87242.json,20.27
roam_prescription_based_prediction,document_110184.json,236.95
roam_prescription_based_prediction,document_64612.json,17.76
roam_prescription_based_prediction,document_78317.json,34.81
roam_prescription_based_prediction,document_62529.json,37.0
roam_prescription_based_prediction,document_54139.json,16.45
roam_prescription_based_prediction,document_48529.json,77.16
roam_prescription_based_prediction,document_117506.json,21.88
roam_prescription_based_prediction,document_59409.json,41.27
roam_prescription_based_prediction,document_7625.json,40.9
roam_prescription_based_prediction,document_76375.json,71.64
roam_prescription_based_prediction,document_98892.json,91.38
roam_prescription_based_prediction,document_79054.json,18.56
roam_prescription_based_prediction,document_110838.json,124.06
roam_prescription_based_prediction,document_39558.json,88.54
roam_prescription_based_prediction,document_103691.json,41.35
roam_prescription_based_prediction,document_5819.json,31.68
roam_prescription_based_prediction,document_16290.json,58.86
roam_prescription_based_prediction,document_53052.json,41.52
roam_prescription_based_prediction,document_47899.json,63.81
roam_prescription_based_prediction,document_59656.json,17.31
roam_prescription_based_prediction,document_1709.json,74.99
roam_prescription_based_prediction,document_7241.json,47.93
roam_prescription_based_prediction,document_71276.json,78.04
roam_prescription_based_prediction,document_77284.json,19.95
roam_prescription_based_prediction,document_119665.json,39.84
roam_prescription_based_prediction,document_36108.json,41.78
roam_prescription_based_prediction,document_97417.json,37.4
roam_prescription_based_prediction,document_68734.json,17.03
roam_prescription_based_prediction,document_43880.json,133.45
roam_prescription_based_prediction,document_10842.json,79.95
roam_prescription_based_prediction,document_110073.json,104.05
roam_prescription_based_prediction,document_94310.json,17.18
roam_prescription_based_prediction,document_93083.json,66.24
roam_prescription_based_prediction,document_90282.json,28.61
roam_prescription_based_prediction,document_45353.json,50.61
roam_prescription_based_prediction,document_8730.json,16.85
roam_prescription_based_prediction,document_50604.json,16.86
roam_prescription_based_prediction,document_2996.json,21.03
roam_prescription_based_prediction,document_14812.json,340.94
roam_prescription_based_prediction,document_71929.json,343.84
roam_prescription_based_prediction,document_115854.json,58.1
roam_prescription_based_prediction,document_113639.json,32.5
roam_prescription_based_prediction,document_100744.json,71.63
roam_prescription_based_prediction,document_90179.json,82.86
roam_prescription_based_prediction,document_119497.json,60.28
roam_prescription_based_prediction,document_85654.json,70.35
roam_prescription_based_prediction,document_18281.json,114.96
roam_prescription_based_prediction,document_31775.json,116.28
roam_prescription_based_prediction,document_4070.json,18.78
roam_prescription_based_prediction,document_53895.json,45.62
roam_prescription_based_prediction,document_44725.json,33.87
roam_prescription_based_prediction,document_106828.json,110.62
roam_prescription_based_prediction,document_42169.json,32.97
roam_prescription_based_prediction,document_29830.json,73.53
roam_prescription_based_prediction,document_78375.json,68.53
roam_prescription_based_prediction,document_117624.json,135.31
roam_prescription_based_prediction,document_25957.json,46.28
roam_prescription_based_prediction,document_116460.json,60.95
roam_prescription_based_prediction,document_93354.json,144.8
roam_prescription_based_prediction,document_52729.json,82.07
roam_prescription_based_prediction,document_87537.json,14.2
roam_prescription_based_prediction,document_71170.json,14.34
roam_prescription_based_prediction,document_18778.json,47.59
roam_prescription_based_prediction,document_69425.json,21.27
roam_prescription_based_prediction,document_46354.json,66.89
roam_prescription_based_prediction,document_83029.json,60.8
roam_prescription_based_prediction,document_44192.json,93.85
roam_prescription_based_prediction,document_72081.json,44.28
roam_prescription_based_prediction,document_69812.json,44.26
roam_prescription_based_prediction,document_69060.json,16.26
roam_prescription_based_prediction,document_35638.json,20.79
roam_prescription_based_prediction,document_92996.json,17.88
roam_prescription_based_prediction,document_43856.json,56.47
roam_prescription_based_prediction,document_19084.json,18.85
roam_prescription_based_prediction,document_118168.json,46.17
roam_prescription_based_prediction,document_77667.json,75.02
roam_prescription_based_prediction,document_106215.json,42.2
roam_prescription_based_prediction,document_41275.json,72.8
roam_prescription_based_prediction,document_46578.json,201.49
roam_prescription_based_prediction,document_3122.json,44.97
roam_prescription_based_prediction,document_72335.json,25.37
roam_prescription_based_prediction,document_65460.json,19.17
roam_prescription_based_prediction,document_106662.json,54.89
roam_prescription_based_prediction,document_13025.json,14.21
roam_prescription_based_prediction,document_40973.json,17.4
roam_prescription_based_prediction,document_110152.json,17.55
roam_prescription_based_prediction,document_86005.json,35.2
roam_prescription_based_prediction,document_92207.json,126.52
roam_prescription_based_prediction,document_27909.json,51.23
roam_prescription_based_prediction,document_81985.json,18.45
roam_prescription_based_prediction,document_66136.json,16.2
roam_prescription_based_prediction,document_4713.json,45.39
roam_prescription_based_prediction,document_47635.json,115.38
roam_prescription_based_prediction,document_67655.json,29.75
roam_prescription_based_prediction,document_60718.json,91.25
roam_prescription_based_prediction,document_45790.json,33.67
roam_prescription_based_prediction,document_112208.json,59.6
roam_prescription_based_prediction,document_786.json,46.14
roam_prescription_based_prediction,document_45214.json,71.22
roam_prescription_based_prediction,document_52356.json,30.1
roam_prescription_based_prediction,document_95977.json,18.28
roam_prescription_based_prediction,document_27545.json,42.07
roam_prescription_based_prediction,document_89760.json,19.42
roam_prescription_based_prediction,document_37943.json,82.63
roam_prescription_based_prediction,document_61920.json,72.79
roam_prescription_based_prediction,document_2141.json,17.72
roam_prescription_based_prediction,document_72627.json,75.07
roam_prescription_based_prediction,document_88799.json,69.63
roam_prescription_based_prediction,document_112165.json,16.84
roam_prescription_based_prediction,document_114366.json,85.77
roam_prescription_based_prediction,document_15568.json,69.59
roam_prescription_based_prediction,document_81806.json,44.91
roam_prescription_based_prediction,document_29746.json,42.35
roam_prescription_based_prediction,document_23443.json,42.67
roam_prescription_based_prediction,document_87556.json,44.9
roam_prescription_based_prediction,document_98621.json,73.9
roam_prescription_based_prediction,document_114525.json,17.23
roam_prescription_based_prediction,document_17065.json,73.04
roam_prescription_based_prediction,document_2483.json,44.21
roam_prescription_based_prediction,document_32698.json,28.41
roam_prescription_based_prediction,document_4862.json,169.33
roam_prescription_based_prediction,document_19791.json,18.78
roam_prescription_based_prediction,document_88770.json,19.64
roam_prescription_based_prediction,document_55223.json,110.97
roam_prescription_based_prediction,document_72783.json,61.25
roam_prescription_based_prediction,document_90290.json,16.74
roam_prescription_based_prediction,document_51523.json,151.56
roam_prescription_based_prediction,document_84540.json,19.95
roam_prescription_based_prediction,document_71777.json,73.17
roam_prescription_based_prediction,document_34831.json,86.34
roam_prescription_based_prediction,document_36366.json,19.91
roam_prescription_based_prediction,document_39122.json,321.41
roam_prescription_based_prediction,document_103747.json,148.5
roam_prescription_based_prediction,document_68441.json,64.43
roam_prescription_based_prediction,document_102826.json,135.33
roam_prescription_based_prediction,document_113807.json,56.52
roam_prescription_based_prediction,document_117034.json,84.5
roam_prescription_based_prediction,document_14616.json,44.2
roam_prescription_based_prediction,document_80156.json,30.24
roam_prescription_based_prediction,document_75999.json,16.93
roam_prescription_based_prediction,document_5471.json,55.92
roam_prescription_based_prediction,document_77232.json,75.84
roam_prescription_based_prediction,document_71463.json,22.67
roam_prescription_based_prediction,document_42405.json,18.2
roam_prescription_based_prediction,document_37319.json,88.53
roam_prescription_based_prediction,document_5681.json,46.27
roam_prescription_based_prediction,document_36010.json,106.67
roam_prescription_based_prediction,document_10181.json,17.28
roam_prescription_based_prediction,document_14072.json,18.46
roam_prescription_based_prediction,document_69955.json,18.38
roam_prescription_based_prediction,document_56910.json,19.17
roam_prescription_based_prediction,document_80821.json,123.27
roam_prescription_based_prediction,document_84107.json,16.13
roam_prescription_based_prediction,document_33818.json,18.37
roam_prescription_based_prediction,document_28314.json,48.14
roam_prescription_based_prediction,document_13805.json,46.62
roam_prescription_based_prediction,document_61652.json,43.25
roam_prescription_based_prediction,document_108394.json,67.81
roam_prescription_based_prediction,document_80197.json,319.66
roam_prescription_based_prediction,document_5362.json,42.63
roam_prescription_based_prediction,document_93866.json,18.28
roam_prescription_based_prediction,document_72661.json,36.15
roam_prescription_based_prediction,document_92367.json,164.58
roam_prescription_based_prediction,document_102510.json,17.1
roam_prescription_based_prediction,document_6008.json,34.95
roam_prescription_based_prediction,document_42420.json,17.15
roam_prescription_based_prediction,document_67206.json,20.16
roam_prescription_based_prediction,document_33188.json,46.5
roam_prescription_based_prediction,document_68725.json,18.3
roam_prescription_based_prediction,document_108124.json,19.55
roam_prescription_based_prediction,document_46038.json,204.27
roam_prescription_based_prediction,document_117180.json,18.06
roam_prescription_based_prediction,document_55076.json,63.8
roam_prescription_based_prediction,document_17730.json,182.45
roam_prescription_based_prediction,document_28044.json,26.69
roam_prescription_based_prediction,document_111063.json,20.21
roam_prescription_based_prediction,document_19153.json,27.31
roam_prescription_based_prediction,document_9388.json,39.52
roam_prescription_based_prediction,document_31994.json,20.5
roam_prescription_based_prediction,document_33011.json,15.6
roam_prescription_based_prediction,document_100025.json,46.07
roam_prescription_based_prediction,document_50204.json,17.49
roam_prescription_based_prediction,document_23623.json,19.52
roam_prescription_based_prediction,document_72257.json,18.01
roam_prescription_based_prediction,document_17789.json,64.52
roam_prescription_based_prediction,document_26693.json,78.89
roam_prescription_based_prediction,document_30335.json,375.0
roam_prescription_based_prediction,document_48456.json,22.16
roam_prescription_based_prediction,document_21435.json,18.9
roam_prescription_based_prediction,document_61567.json,46.89
roam_prescription_based_prediction,document_9678.json,23.88
roam_prescription_based_prediction,document_109228.json,16.82
roam_prescription_based_prediction,document_44702.json,73.76
roam_prescription_based_prediction,document_66302.json,21.79
roam_prescription_based_prediction,document_6195.json,73.79
roam_prescription_based_prediction,document_97497.json,55.52
roam_prescription_based_prediction,document_92213.json,68.46
roam_prescription_based_prediction,document_53727.json,16.35
roam_prescription_based_prediction,document_79850.json,70.15
roam_prescription_based_prediction,document_48931.json,38.58
roam_prescription_based_prediction,document_87057.json,15.78
roam_prescription_based_prediction,document_65552.json,38.63
roam_prescription_based_prediction,document_39928.json,40.55
roam_prescription_based_prediction,document_18039.json,18.36
roam_prescription_based_prediction,document_43460.json,17.04
roam_prescription_based_prediction,document_32432.json,14.18
roam_prescription_based_prediction,document_106733.json,18.79
roam_prescription_based_prediction,document_27161.json,17.86
roam_prescription_based_prediction,document_68474.json,60.06
roam_prescription_based_prediction,document_83947.json,17.34
roam_prescription_based_prediction,document_89454.json,88.12
roam_prescription_based_prediction,document_73627.json,58.18
roam_prescription_based_prediction,document_60345.json,20.28
roam_prescription_based_prediction,document_106919.json,15.49
roam_prescription_based_prediction,document_89268.json,21.74
roam_prescription_based_prediction,document_100285.json,12.94
roam_prescription_based_prediction,document_105839.json,66.33
roam_prescription_based_prediction,document_35269.json,29.52
roam_prescription_based_prediction,document_104057.json,37.13
roam_prescription_based_prediction,document_86563.json,17.09
roam_prescription_based_prediction,document_75105.json,120.67
roam_prescription_based_prediction,document_32562.json,17.13
roam_prescription_based_prediction,document_24812.json,37.84
roam_prescription_based_prediction,document_36844.json,90.18
roam_prescription_based_prediction,document_98722.json,15.95
roam_prescription_based_prediction,document_77174.json,58.84
roam_prescription_based_prediction,document_65734.json,15.9
roam_prescription_based_prediction,document_102013.json,41.27
roam_prescription_based_prediction,document_2155.json,16.17
roam_prescription_based_prediction,document_1354.json,27.96
roam_prescription_based_prediction,document_48014.json,37.58
roam_prescription_based_prediction,document_8354.json,364.54
roam_prescription_based_prediction,document_28549.json,100.4
roam_prescription_based_prediction,document_105481.json,16.33
roam_prescription_based_prediction,document_16043.json,86.51
roam_prescription_based_prediction,document_114766.json,171.17
roam_prescription_based_prediction,document_11280.json,50.33
roam_prescription_based_prediction,document_118662.json,67.52
roam_prescription_based_prediction,document_64350.json,18.59
roam_prescription_based_prediction,document_9593.json,163.24
roam_prescription_based_prediction,document_72871.json,35.57
roam_prescription_based_prediction,document_37460.json,16.24
roam_prescription_based_prediction,document_16184.json,36.57
roam_prescription_based_prediction,document_108921.json,14.78
roam_prescription_based_prediction,document_86873.json,15.4
roam_prescription_based_prediction,document_100719.json,30.26
roam_prescription_based_prediction,document_47838.json,23.33
roam_prescription_based_prediction,document_67665.json,63.77
roam_prescription_based_prediction,document_91595.json,16.59
roam_prescription_based_prediction,document_61679.json,166.2
roam_prescription_based_prediction,document_100112.json,35.54
roam_prescription_based_prediction,document_28591.json,282.35
roam_prescription_based_prediction,document_55554.json,46.06
roam_prescription_based_prediction,document_57456.json,39.08
roam_prescription_based_prediction,document_15650.json,50.11
roam_prescription_based_prediction,document_42556.json,14.93
roam_prescription_based_prediction,document_33695.json,58.6
roam_prescription_based_prediction,document_69072.json,17.48
roam_prescription_based_prediction,document_5956.json,12.2
roam_prescription_based_prediction,document_112345.json,69.3
roam_prescription_based_prediction,document_5859.json,16.41
roam_prescription_based_prediction,document_110726.json,30.08
roam_prescription_based_prediction,document_105017.json,13.07
roam_prescription_based_prediction,document_83335.json,14.64
roam_prescription_based_prediction,document_108973.json,22.6
roam_prescription_based_prediction,document_108150.json,94.53
roam_prescription_based_prediction,document_73401.json,40.34
roam_prescription_based_prediction,document_2674.json,111.55
roam_prescription_based_prediction,document_53926.json,45.93
roam_prescription_based_prediction,document_18195.json,18.14
roam_prescription_based_prediction,document_106466.json,36.09
roam_prescription_based_prediction,document_50049.json,33.2
roam_prescription_based_prediction,document_65069.json,39.22
roam_prescription_based_prediction,document_48052.json,49.52
roam_prescription_based_prediction,document_15440.json,16.53
roam_prescription_based_prediction,document_2606.json,61.66
roam_prescription_based_prediction,document_84069.json,33.62
roam_prescription_based_prediction,document_24844.json,58.12
roam_prescription_based_prediction,document_94224.json,146.23
roam_prescription_based_prediction,document_54439.json,64.85
roam_prescription_based_prediction,document_34405.json,27.21
roam_prescription_based_prediction,document_24431.json,49.42
roam_prescription_based_prediction,document_33935.json,36.46
roam_prescription_based_prediction,document_68418.json,13.62
roam_prescription_based_prediction,document_76175.json,14.44
roam_prescription_based_prediction,document_90384.json,36.28
roam_prescription_based_prediction,document_92059.json,36.16
roam_prescription_based_prediction,document_50128.json,14.01
roam_prescription_based_prediction,document_64313.json,37.06
roam_prescription_based_prediction,document_25087.json,60.82
roam_prescription_based_prediction,document_70899.json,13.8
roam_prescription_based_prediction,document_28304.json,21.38
roam_prescription_based_prediction,document_45298.json,38.75
roam_prescription_based_prediction,document_18067.json,117.02
roam_prescription_based_prediction,document_57744.json,112.41
roam_prescription_based_prediction,document_3512.json,24.44
roam_prescription_based_prediction,document_26208.json,38.53
roam_prescription_based_prediction,document_59378.json,16.56
roam_prescription_based_prediction,document_23730.json,30.75
roam_prescription_based_prediction,document_34658.json,32.87
roam_prescription_based_prediction,document_115066.json,14.01
roam_prescription_based_prediction,document_61306.json,35.26
roam_prescription_based_prediction,document_11983.json,35.56
roam_prescription_based_prediction,document_114050.json,234.96
roam_prescription_based_prediction,document_94616.json,106.73
roam_prescription_based_prediction,document_71384.json,14.51
roam_prescription_based_prediction,document_54591.json,18.53
roam_prescription_based_prediction,document_88907.json,13.67
roam_prescription_based_prediction,document_50753.json,53.31
roam_prescription_based_prediction,document_62119.json,40.85
roam_prescription_based_prediction,document_58693.json,66.98
roam_prescription_based_prediction,document_65969.json,47.51
roam_prescription_based_prediction,document_12401.json,15.45
roam_prescription_based_prediction,document_113804.json,22.66
roam_prescription_based_prediction,document_73804.json,72.64
roam_prescription_based_prediction,document_113428.json,63.16
roam_prescription_based_prediction,document_85183.json,38.05
roam_prescription_based_prediction,document_108113.json,43.78
roam_prescription_based_prediction,document_12047.json,83.7
roam_prescription_based_prediction,document_87314.json,53.92
roam_prescription_based_prediction,document_111271.json,54.77
roam_prescription_based_prediction,document_57113.json,129.88
roam_prescription_based_prediction,document_39547.json,15.52
roam_prescription_based_prediction,document_34651.json,61.41
roam_prescription_based_prediction,document_44366.json,121.4
roam_prescription_based_prediction,document_18484.json,42.57
roam_prescription_based_prediction,document_26333.json,55.27
roam_prescription_based_prediction,document_91621.json,65.5
roam_prescription_based_prediction,document_84550.json,42.5
roam_prescription_based_prediction,document_53568.json,117.46
roam_prescription_based_prediction,document_71799.json,16.49
roam_prescription_based_prediction,document_65524.json,18.28
roam_prescription_based_prediction,document_35653.json,17.95
roam_prescription_based_prediction,document_118215.json,15.98
roam_prescription_based_prediction,document_68718.json,15.77
roam_prescription_based_prediction,document_89853.json,15.32
roam_prescription_based_prediction,document_70912.json,18.18
roam_prescription_based_prediction,document_32445.json,56.85
roam_prescription_based_prediction,document_59426.json,32.55
roam_prescription_based_prediction,document_94565.json,15.95
roam_prescription_based_prediction,document_18095.json,17.93
roam_prescription_based_prediction,document_63963.json,67.96
roam_prescription_based_prediction,document_19815.json,26.82
roam_prescription_based_prediction,document_119517.json,75.49
roam_prescription_based_prediction,document_100288.json,28.96
roam_prescription_based_prediction,document_43783.json,20.25
roam_prescription_based_prediction,document_69544.json,21.0
roam_prescription_based_prediction,document_62747.json,16.68
roam_prescription_based_prediction,document_96361.json,40.93
roam_prescription_based_prediction,document_97258.json,60.2
roam_prescription_based_prediction,document_71761.json,42.02
roam_prescription_based_prediction,document_17495.json,19.17
roam_prescription_based_prediction,document_23302.json,64.7
roam_prescription_based_prediction,document_75444.json,91.22
roam_prescription_based_prediction,document_12389.json,68.56
roam_prescription_based_prediction,document_3025.json,97.44
roam_prescription_based_prediction,document_44934.json,117.06
roam_prescription_based_prediction,document_37282.json,95.3
roam_prescription_based_prediction,document_68452.json,52.47
roam_prescription_based_prediction,document_94928.json,45.77
roam_prescription_based_prediction,document_610.json,31.32
roam_prescription_based_prediction,document_51658.json,41.71
roam_prescription_based_prediction,document_99294.json,41.34
roam_prescription_based_prediction,document_17312.json,17.21
roam_prescription_based_prediction,document_82667.json,43.92
roam_prescription_based_prediction,document_67492.json,13.6
roam_prescription_based_prediction,document_70471.json,25.89
roam_prescription_based_prediction,document_41498.json,14.21
roam_prescription_based_prediction,document_2450.json,40.56
roam_prescription_based_prediction,document_9946.json,39.48
roam_prescription_based_prediction,document_16164.json,43.61
roam_prescription_based_prediction,document_86393.json,17.63
roam_prescription_based_prediction,document_36120.json,16.6
roam_prescription_based_prediction,document_65225.json,19.28
roam_prescription_based_prediction,document_52517.json,29.97
roam_prescription_based_prediction,document_19533.json,19.42
roam_prescription_based_prediction,document_42165.json,15.49
roam_prescription_based_prediction,document_115649.json,16.01
roam_prescription_based_prediction,document_38886.json,17.5
roam_prescription_based_prediction,document_51185.json,27.39
roam_prescription_based_prediction,document_48214.json,31.35
roam_prescription_based_prediction,document_1220.json,16.37
roam_prescription_based_prediction,document_83713.json,76.98
roam_prescription_based_prediction,document_33290.json,14.58
roam_prescription_based_prediction,document_91694.json,16.75
roam_prescription_based_prediction,document_46876.json,12.49
roam_prescription_based_prediction,document_9933.json,69.05
roam_prescription_based_prediction,document_3991.json,64.9
roam_prescription_based_prediction,document_94643.json,11.46
roam_prescription_based_prediction,document_10586.json,11.72
roam_prescription_based_prediction,document_26545.json,11.94
roam_prescription_based_prediction,document_216.json,35.85
roam_prescription_based_prediction,document_116923.json,214.32
roam_prescription_based_prediction,document_99192.json,12.76
roam_prescription_based_prediction,document_104503.json,52.88
roam_prescription_based_prediction,document_107507.json,11.9
roam_prescription_based_prediction,document_26630.json,11.89
roam_prescription_based_prediction,document_32974.json,36.12
roam_prescription_based_prediction,document_49038.json,41.92
roam_prescription_based_prediction,document_19578.json,10.88
roam_prescription_based_prediction,document_60618.json,43.38
roam_prescription_based_prediction,document_105910.json,65.61
roam_prescription_based_prediction,document_50049.json,10.2
roam_prescription_based_prediction,document_51948.json,165.13
roam_prescription_based_prediction,document_50651.json,30.0
roam_prescription_based_prediction,document_67380.json,30.81
roam_prescription_based_prediction,document_47468.json,59.16
roam_prescription_based_prediction,document_70080.json,29.81
roam_prescription_based_prediction,document_26663.json,41.25
roam_prescription_based_prediction,document_61463.json,30.17
roam_prescription_based_prediction,document_60799.json,12.9
roam_prescription_based_prediction,document_86022.json,16.75
roam_prescription_based_prediction,document_35792.json,38.68
roam_prescription_based_prediction,document_87589.json,57.0
roam_prescription_based_prediction,document_84703.json,16.5
roam_prescription_based_prediction,document_20578.json,49.56
roam_prescription_based_prediction,document_23219.json,13.82
roam_prescription_based_prediction,document_46805.json,18.18
roam_prescription_based_prediction,document_110410.json,68.49
roam_prescription_based_prediction,document_72887.json,56.51
roam_prescription_based_prediction,document_21366.json,82.11
roam_prescription_based_prediction,document_953.json,14.22
roam_prescription_based_prediction,document_40294.json,12.96
roam_prescription_based_prediction,document_65826.json,11.33
roam_prescription_based_prediction,document_95152.json,13.54
roam_prescription_based_prediction,document_63482.json,16.18
roam_prescription_based_prediction,document_85828.json,30.96
roam_prescription_based_prediction,document_20345.json,22.18
roam_prescription_based_prediction,document_30390.json,33.95
roam_prescription_based_prediction,document_10384.json,67.14
roam_prescription_based_prediction,document_78666.json,13.54
roam_prescription_based_prediction,document_82739.json,10.56
roam_prescription_based_prediction,document_16492.json,19.57
roam_prescription_based_prediction,document_40765.json,11.8
roam_prescription_based_prediction,document_22104.json,10.37
roam_prescription_based_prediction,document_93822.json,69.38
roam_prescription_based_prediction,document_47034.json,150.73
roam_prescription_based_prediction,document_23451.json,69.53
roam_prescription_based_prediction,document_119288.json,28.57
roam_prescription_based_prediction,document_11853.json,39.72
roam_prescription_based_prediction,document_30674.json,37.48
roam_prescription_based_prediction,document_108698.json,32.61
roam_prescription_based_prediction,document_65123.json,175.94
roam_prescription_based_prediction,document_32591.json,13.37
roam_prescription_based_prediction,document_19001.json,40.98
roam_prescription_based_prediction,document_50641.json,28.92
roam_prescription_based_prediction,document_39617.json,12.48
roam_prescription_based_prediction,document_29207.json,34.54
roam_prescription_based_prediction,document_59390.json,127.58
roam_prescription_based_prediction,document_116316.json,173.94
roam_prescription_based_prediction,document_12185.json,11.81
roam_prescription_based_prediction,document_47019.json,24.78
roam_prescription_based_prediction,document_116779.json,11.88
roam_prescription_based_prediction,document_85173.json,22.78
roam_prescription_based_prediction,document_19634.json,11.71
roam_prescription_based_prediction,document_68267.json,56.83
roam_prescription_based_prediction,document_42868.json,33.67
roam_prescription_based_prediction,document_36439.json,28.96
roam_prescription_based_prediction,document_55194.json,14.02
roam_prescription_based_prediction,document_1972.json,11.26
roam_prescription_based_prediction,document_93312.json,52.61
roam_prescription_based_prediction,document_6792.json,30.67
roam_prescription_based_prediction,document_22756.json,36.05
roam_prescription_based_prediction,document_43820.json,95.83
roam_prescription_based_prediction,document_103317.json,12.69
roam_prescription_based_prediction,document_2036.json,16.28
roam_prescription_based_prediction,document_89824.json,18.22
roam_prescription_based_prediction,document_17691.json,37.15
roam_prescription_based_prediction,document_110374.json,14.4
roam_prescription_based_prediction,document_118265.json,69.26
roam_prescription_based_prediction,document_102335.json,28.31
roam_prescription_based_prediction,document_91135.json,43.58
roam_prescription_based_prediction,document_113490.json,32.16
roam_prescription_based_prediction,document_26880.json,36.16
roam_prescription_based_prediction,document_72930.json,94.23
roam_prescription_based_prediction,document_79256.json,13.15
roam_prescription_based_prediction,document_103739.json,21.63
roam_prescription_based_prediction,document_108684.json,77.56
roam_prescription_based_prediction,document_9771.json,50.03
roam_prescription_based_prediction,document_119591.json,11.21
roam_prescription_based_prediction,document_3632.json,30.97
roam_prescription_based_prediction,document_87341.json,76.81
roam_prescription_based_prediction,document_94980.json,12.0
roam_prescription_based_prediction,document_111420.json,23.76
roam_prescription_based_prediction,document_68125.json,39.21
roam_prescription_based_prediction,document_1102.json,39.24
roam_prescription_based_prediction,document_108226.json,18.81
roam_prescription_based_prediction,document_43723.json,32.82
roam_prescription_based_prediction,document_42613.json,14.43
roam_prescription_based_prediction,document_62455.json,39.41
roam_prescription_based_prediction,document_70226.json,51.94
roam_prescription_based_prediction,document_66482.json,14.41
roam_prescription_based_prediction,document_40169.json,71.09
roam_prescription_based_prediction,document_92932.json,13.94
roam_prescription_based_prediction,document_97239.json,65.15
roam_prescription_based_prediction,document_108452.json,12.96
roam_prescription_based_prediction,document_117288.json,42.53
roam_prescription_based_prediction,document_90946.json,13.77
roam_prescription_based_prediction,document_12574.json,52.19
roam_prescription_based_prediction,document_11980.json,13.45
roam_prescription_based_prediction,document_119517.json,80.07
roam_prescription_based_prediction,document_21890.json,13.4
roam_prescription_based_prediction,document_114608.json,16.94
roam_prescription_based_prediction,document_84504.json,14.94
roam_prescription_based_prediction,document_55566.json,12.38
roam_prescription_based_prediction,document_27186.json,46.77
roam_prescription_based_prediction,document_91057.json,57.92
roam_prescription_based_prediction,document_20900.json,61.0
roam_prescription_based_prediction,document_51913.json,13.67
roam_prescription_based_prediction,document_116181.json,74.69
roam_prescription_based_prediction,document_84883.json,43.37
roam_prescription_based_prediction,document_9616.json,55.54
roam_prescription_based_prediction,document_110938.json,18.49
roam_prescription_based_prediction,document_3530.json,15.19
roam_prescription_based_prediction,document_92227.json,79.94
roam_prescription_based_prediction,document_95447.json,14.51
roam_prescription_based_prediction,document_20130.json,79.46
roam_prescription_based_prediction,document_48218.json,15.73
roam_prescription_based_prediction,document_65602.json,11.65
roam_prescription_based_prediction,document_83337.json,35.6
roam_prescription_based_prediction,document_82873.json,45.61
roam_prescription_based_prediction,document_4805.json,17.72
roam_prescription_based_prediction,document_21330.json,53.3
roam_prescription_based_prediction,document_17299.json,14.1
roam_prescription_based_prediction,document_22969.json,38.26
roam_prescription_based_prediction,document_13378.json,33.29
roam_prescription_based_prediction,document_38963.json,47.24
roam_prescription_based_prediction,document_72562.json,13.74
roam_prescription_based_prediction,document_47625.json,14.25
roam_prescription_based_prediction,document_44455.json,14.58
roam_prescription_based_prediction,document_62929.json,13.21
roam_prescription_based_prediction,document_14845.json,14.73
roam_prescription_based_prediction,document_64787.json,91.18
roam_prescription_based_prediction,document_46263.json,52.87
roam_prescription_based_prediction,document_11168.json,19.08
roam_prescription_based_prediction,document_49079.json,37.07
roam_prescription_based_prediction,document_15251.json,34.51
roam_prescription_based_prediction,document_60447.json,47.81
roam_prescription_based_prediction,document_76133.json,31.38
roam_prescription_based_prediction,document_117616.json,53.5
roam_prescription_based_prediction,document_29265.json,12.92
roam_prescription_based_prediction,document_69626.json,12.41
roam_prescription_based_prediction,document_23380.json,43.97
roam_prescription_based_prediction,document_107993.json,54.88
roam_prescription_based_prediction,document_95718.json,58.44
roam_prescription_based_prediction,document_96144.json,14.93
roam_prescription_based_prediction,document_11621.json,42.87
roam_prescription_based_prediction,document_87082.json,25.6
roam_prescription_based_prediction,document_82895.json,68.64
roam_prescription_based_prediction,document_25333.json,14.88
roam_prescription_based_prediction,document_17257.json,76.31
roam_prescription_based_prediction,document_32748.json,12.75
roam_prescription_based_prediction,document_76697.json,17.49
roam_prescription_based_prediction,document_58656.json,11.81
roam_prescription_based_prediction,document_16244.json,14.52
roam_prescription_based_prediction,document_44874.json,36.23
roam_prescription_based_prediction,document_41631.json,54.83
roam_prescription_based_prediction,document_28233.json,19.0
roam_prescription_based_prediction,document_48704.json,15.06
roam_prescription_based_prediction,document_21315.json,50.29
roam_prescription_based_prediction,document_104916.json,13.4
roam_prescription_based_prediction,document_3667.json,51.25
roam_prescription_based_prediction,document_94602.json,14.73
roam_prescription_based_prediction,document_96259.json,121.69
roam_prescription_based_prediction,document_42301.json,55.09
roam_prescription_based_prediction,document_38600.json,12.8
roam_prescription_based_prediction,document_93196.json,22.18
roam_prescription_based_prediction,document_46004.json,15.49
roam_prescription_based_prediction,document_84577.json,14.35
roam_prescription_based_prediction,document_5493.json,42.14
roam_prescription_based_prediction,document_50522.json,34.68
roam_prescription_based_prediction,document_102839.json,12.72
roam_prescription_based_prediction,document_42113.json,55.15
roam_prescription_based_prediction,document_25450.json,32.94
roam_prescription_based_prediction,document_94234.json,82.72
roam_prescription_based_prediction,document_87776.json,23.86
roam_prescription_based_prediction,document_29084.json,95.82
roam_prescription_based_prediction,document_25509.json,34.94
roam_prescription_based_prediction,document_82097.json,61.32
roam_prescription_based_prediction,document_106147.json,35.49
roam_prescription_based_prediction,document_114758.json,32.72
roam_prescription_based_prediction,document_78982.json,155.15
roam_prescription_based_prediction,document_24166.json,99.9
roam_prescription_based_prediction,document_4977.json,12.96
roam_prescription_based_prediction,document_33122.json,13.14
roam_prescription_based_prediction,document_119783.json,12.81
roam_prescription_based_prediction,document_72670.json,15.33
roam_prescription_based_prediction,document_3141.json,62.29
roam_prescription_based_prediction,document_36847.json,14.73
roam_prescription_based_prediction,document_28727.json,44.09
roam_prescription_based_prediction,document_82063.json,13.95
roam_prescription_based_prediction,document_107470.json,37.14
roam_prescription_based_prediction,document_18716.json,12.95
roam_prescription_based_prediction,document_14786.json,48.74
roam_prescription_based_prediction,document_67253.json,135.81
roam_prescription_based_prediction,document_114577.json,22.99
roam_prescription_based_prediction,document_4126.json,43.66
roam_prescription_based_prediction,document_59081.json,75.99
roam_prescription_based_prediction,document_70985.json,33.54
roam_prescription_based_prediction,document_61921.json,69.13
roam_prescription_based_prediction,document_109520.json,12.76
roam_prescription_based_prediction,document_11984.json,70.34
roam_prescription_based_prediction,document_7042.json,13.28
roam_prescription_based_prediction,document_46058.json,75.13
roam_prescription_based_prediction,document_60006.json,39.15
roam_prescription_based_prediction,document_51379.json,14.08
roam_prescription_based_prediction,document_17067.json,37.71
roam_prescription_based_prediction,document_43709.json,61.66
roam_prescription_based_prediction,document_107344.json,12.33
roam_prescription_based_prediction,document_64778.json,18.43
roam_prescription_based_prediction,document_34909.json,35.26
roam_prescription_based_prediction,document_5861.json,41.05
roam_prescription_based_prediction,document_114139.json,13.89
roam_prescription_based_prediction,document_32859.json,13.16
roam_prescription_based_prediction,document_81399.json,15.63
roam_prescription_based_prediction,document_88896.json,31.4
roam_prescription_based_prediction,document_94129.json,46.57
roam_prescription_based_prediction,document_44270.json,64.81
roam_prescription_based_prediction,document_97302.json,17.39
air-bnb-listings,document_9518.json,16.28
air-bnb-listings,document_56265.json,59.72
air-bnb-listings,document_21388.json,42.22
air-bnb-listings,document_59957.json,162.98
air-bnb-listings,document_40211.json,60.97
air-bnb-listings,document_6310.json,51.64
air-bnb-listings,document_44609.json,19.46
air-bnb-listings,document_70953.json,20.22
air-bnb-listings,document_78683.json,194.61
air-bnb-listings,document_39238.json,20.31
air-bnb-listings,document_10484.json,43.8
air-bnb-listings,document_73160.json,33.73
air-bnb-listings,document_12667.json,37.34
air-bnb-listings,document_52612.json,327.95
air-bnb-listings,document_22180.json,20.37
air-bnb-listings,document_16757.json,334.38
air-bnb-listings,document_28218.json,86.26
air-bnb-listings,document_32155.json,34.02
air-bnb-listings,document_81937.json,318.89
air-bnb-listings,document_5654.json,63.59
air-bnb-listings,document_73158.json,19.67
air-bnb-listings,document_5028.json,214.1
air-bnb-listings,document_67511.json,20.92
air-bnb-listings,document_40819.json,66.76
air-bnb-listings,document_55483.json,854.73
air-bnb-listings,document_2851.json,53.17
air-bnb-listings,document_48166.json,19.09
air-bnb-listings,document_44482.json,18.95
air-bnb-listings,document_77032.json,19.74
air-bnb-listings,document_27788.json,32.58
air-bnb-listings,document_58781.json,20.45
air-bnb-listings,document_46858.json,36.08
air-bnb-listings,document_58671.json,43.1
air-bnb-listings,document_980.json,32.34
air-bnb-listings,document_1161.json,361.46
air-bnb-listings,document_59675.json,18.67
air-bnb-listings,document_56599.json,65.02
air-bnb-listings,document_60142.json,53.75
air-bnb-listings,document_33208.json,38.62
air-bnb-listings,document_46377.json,155.28
air-bnb-listings,document_71762.json,64.02
air-bnb-listings,document_62631.json,422.4
air-bnb-listings,document_30001.json,19.62
air-bnb-listings,document_35991.json,19.66
air-bnb-listings,document_63585.json,20.35
air-bnb-listings,document_51844.json,77.77
air-bnb-listings,document_42154.json,54.94
air-bnb-listings,document_54548.json,17.11
air-bnb-listings,document_50955.json,79.14
air-bnb-listings,document_44932.json,16.79
air-bnb-listings,document_3352.json,26.69
air-bnb-listings,document_6690.json,86.62
air-bnb-listings,document_27036.json,241.13
air-bnb-listings,document_80672.json,57.45
air-bnb-listings,document_72566.json,63.52
air-bnb-listings,document_38397.json,19.67
air-bnb-listings,document_76135.json,82.8
air-bnb-listings,document_4386.json,72.3
air-bnb-listings,document_80664.json,72.07
air-bnb-listings,document_2828.json,67.97
air-bnb-listings,document_23269.json,19.18
air-bnb-listings,document_81744.json,148.44
air-bnb-listings,document_76765.json,47.16
air-bnb-listings,document_46272.json,19.32
air-bnb-listings,document_70506.json,298.68
air-bnb-listings,document_17563.json,20.62
air-bnb-listings,document_31088.json,21.83
air-bnb-listings,document_24010.json,20.69
air-bnb-listings,document_50352.json,20.79
air-bnb-listings,document_60435.json,20.51
air-bnb-listings,document_48625.json,180.68
air-bnb-listings,document_74497.json,20.1
air-bnb-listings,document_67037.json,20.84
air-bnb-listings,document_71084.json,41.02
air-bnb-listings,document_22624.json,21.08
air-bnb-listings,document_16897.json,35.65
air-bnb-listings,document_44833.json,34.95
air-bnb-listings,document_63023.json,100.36
air-bnb-listings,document_67753.json,21.59
air-bnb-listings,document_33654.json,96.1
air-bnb-listings,document_60037.json,113.23
air-bnb-listings,document_20025.json,107.94
air-bnb-listings,document_15796.json,97.53
air-bnb-listings,document_28698.json,21.68
air-bnb-listings,document_83583.json,67.06
air-bnb-listings,document_22574.json,20.67
air-bnb-listings,document_81896.json,110.71
air-bnb-listings,document_67307.json,95.48
air-bnb-listings,document_25248.json,107.39
air-bnb-listings,document_44053.json,53.87
air-bnb-listings,document_46371.json,271.17
air-bnb-listings,document_18218.json,21.78
air-bnb-listings,document_8471.json,89.4
air-bnb-listings,document_16458.json,21.65
air-bnb-listings,document_75294.json,61.84
air-bnb-listings,document_44015.json,47.64
air-bnb-listings,document_73710.json,95.2
air-bnb-listings,document_6195.json,50.93
air-bnb-listings,document_53103.json,22.65
air-bnb-listings,document_28436.json,103.33
air-bnb-listings,document_15583.json,95.79
air-bnb-listings,document_13425.json,46.33
air-bnb-listings,document_33274.json,128.45
air-bnb-listings,document_52747.json,21.3
air-bnb-listings,document_22285.json,20.96
air-bnb-listings,document_17988.json,21.66
air-bnb-listings,document_20393.json,20.71
air-bnb-listings,document_33555.json,21.43
air-bnb-listings,document_31289.json,20.53
air-bnb-listings,document_27244.json,19.98
air-bnb-listings,document_25692.json,101.91
air-bnb-listings,document_64253.json,37.62
air-bnb-listings,document_16709.json,97.04
air-bnb-listings,document_24607.json,58.27
air-bnb-listings,document_14487.json,78.03
air-bnb-listings,document_63611.json,86.99
air-bnb-listings,document_9742.json,148.46
air-bnb-listings,document_74112.json,21.36
air-bnb-listings,document_685.json,35.81
air-bnb-listings,document_68515.json,309.47
air-bnb-listings,document_50306.json,42.57
air-bnb-listings,document_39747.json,35.4
air-bnb-listings,document_49157.json,21.49
air-bnb-listings,document_29695.json,37.38
air-bnb-listings,document_23949.json,23.21
air-bnb-listings,document_51805.json,22.8
air-bnb-listings,document_10029.json,23.02
air-bnb-listings,document_42197.json,38.48
air-bnb-listings,document_14256.json,21.94
air-bnb-listings,document_80789.json,55.21
air-bnb-listings,document_14289.json,56.92
air-bnb-listings,document_2008.json,83.33
air-bnb-listings,document_72005.json,37.23
air-bnb-listings,document_3691.json,54.6
air-bnb-listings,document_56348.json,47.83
air-bnb-listings,document_51962.json,37.36
air-bnb-listings,document_40258.json,22.95
air-bnb-listings,document_81614.json,36.65
air-bnb-listings,document_36971.json,89.27
air-bnb-listings,document_39793.json,21.86
air-bnb-listings,document_69969.json,128.76
air-bnb-listings,document_37504.json,94.58
air-bnb-listings,document_35314.json,65.4
air-bnb-listings,document_30427.json,22.5
air-bnb-listings,document_64817.json,44.69
air-bnb-listings,document_8075.json,89.48
air-bnb-listings,document_38022.json,21.97
air-bnb-listings,document_12365.json,51.56
air-bnb-listings,document_74190.json,38.83
air-bnb-listings,document_67786.json,56.54
air-bnb-listings,document_77967.json,38.04
air-bnb-listings,document_53523.json,21.73
air-bnb-listings,document_16374.json,188.77
air-bnb-listings,document_7998.json,37.4
air-bnb-listings,document_39981.json,22.19
air-bnb-listings,document_66630.json,93.13
air-bnb-listings,document_12817.json,21.83
air-bnb-listings,document_27273.json,150.82
air-bnb-listings,document_32569.json,52.85
air-bnb-listings,document_94.json,157.67
air-bnb-listings,document_60943.json,82.98
air-bnb-listings,document_79548.json,280.99
air-bnb-listings,document_39415.json,37.26
air-bnb-listings,document_78746.json,77.19
air-bnb-listings,document_601.json,22.1
air-bnb-listings,document_16195.json,23.33
air-bnb-listings,document_509.json,23.05
air-bnb-listings,document_68650.json,38.51
air-bnb-listings,document_80289.json,51.76
air-bnb-listings,document_24164.json,71.8
air-bnb-listings,document_5955.json,22.39
air-bnb-listings,document_41765.json,48.77
air-bnb-listings,document_18380.json,21.66
air-bnb-listings,document_63791.json,23.44
air-bnb-listings,document_46318.json,64.88
air-bnb-listings,document_55065.json,23.43
air-bnb-listings,document_7124.json,317.03
air-bnb-listings,document_83414.json,70.02
air-bnb-listings,document_48459.json,36.79
air-bnb-listings,document_73242.json,21.89
air-bnb-listings,document_73662.json,78.7
air-bnb-listings,document_1436.json,22.27
air-bnb-listings,document_53881.json,53.43
air-bnb-listings,document_55864.json,22.24
air-bnb-listings,document_62403.json,22.34
air-bnb-listings,document_82037.json,73.52
air-bnb-listings,document_2090.json,50.24
air-bnb-listings,document_7938.json,67.12
air-bnb-listings,document_83468.json,23.58
air-bnb-listings,document_83382.json,103.3
air-bnb-listings,document_71563.json,94.87
air-bnb-listings,document_79425.json,65.31
air-bnb-listings,document_52660.json,61.48
air-bnb-listings,document_19393.json,21.67
air-bnb-listings,document_42793.json,127.56
air-bnb-listings,document_43993.json,19.01
air-bnb-listings,document_82436.json,21.63
air-bnb-listings,document_65753.json,19.86
air-bnb-listings,document_37914.json,19.77
air-bnb-listings,document_42731.json,20.39
air-bnb-listings,document_2963.json,157.88
air-bnb-listings,document_58265.json,17.9
air-bnb-listings,document_71630.json,18.4
air-bnb-listings,document_68857.json,87.74
air-bnb-listings,document_27752.json,20.47
air-bnb-listings,document_34243.json,62.74
air-bnb-listings,document_33990.json,18.57
air-bnb-listings,document_32242.json,18.65
air-bnb-listings,document_82227.json,18.25
air-bnb-listings,document_43044.json,42.27
air-bnb-listings,document_66361.json,43.06
air-bnb-listings,document_10236.json,52.21
air-bnb-listings,document_1859.json,20.12
air-bnb-listings,document_4793.json,42.93
air-bnb-listings,document_19931.json,19.96
air-bnb-listings,document_21366.json,19.99
air-bnb-listings,document_49069.json,36.16
air-bnb-listings,document_46800.json,19.56
air-bnb-listings,document_63610.json,67.4
air-bnb-listings,document_5471.json,21.56
air-bnb-listings,document_69785.json,20.45
air-bnb-listings,document_31389.json,20.21
air-bnb-listings,document_73137.json,102.86
air-bnb-listings,document_37927.json,20.89
air-bnb-listings,document_50654.json,21.31
air-bnb-listings,document_37831.json,21.33
air-bnb-listings,document_33390.json,34.38
air-bnb-listings,document_73076.json,42.78
air-bnb-listings,document_34347.json,70.08
air-bnb-listings,document_74162.json,21.15
air-bnb-listings,document_31876.json,52.62
air-bnb-listings,document_82322.json,21.45
air-bnb-listings,document_33753.json,68.19
air-bnb-listings,document_13931.json,22.57
air-bnb-listings,document_27617.json,48.37
air-bnb-listings,document_30842.json,36.59
air-bnb-listings,document_35372.json,51.16
air-bnb-listings,document_24900.json,199.52
air-bnb-listings,document_31008.json,23.18
air-bnb-listings,document_73847.json,112.57
air-bnb-listings,document_46479.json,92.3
air-bnb-listings,document_43743.json,39.29
air-bnb-listings,document_47575.json,21.32
air-bnb-listings,document_59234.json,21.73
air-bnb-listings,document_47033.json,36.34
air-bnb-listings,document_26913.json,21.53
air-bnb-listings,document_18815.json,36.12
air-bnb-listings,document_61316.json,92.52
air-bnb-listings,document_39467.json,21.74
air-bnb-listings,document_45985.json,48.07
air-bnb-listings,document_6627.json,22.32
air-bnb-listings,document_74734.json,121.66
air-bnb-listings,document_78920.json,21.81
air-bnb-listings,document_17177.json,23.24
air-bnb-listings,document_52280.json,169.16
air-bnb-listings,document_11024.json,21.8
air-bnb-listings,document_4925.json,66.88
air-bnb-listings,document_25191.json,58.14
air-bnb-listings,document_24135.json,48.47
air-bnb-listings,document_69402.json,22.63
air-bnb-listings,document_79752.json,39.11
air-bnb-listings,document_23905.json,38.54
air-bnb-listings,document_37658.json,99.93
air-bnb-listings,document_25026.json,41.65
air-bnb-listings,document_71136.json,22.97
air-bnb-listings,document_35379.json,57.85
air-bnb-listings,document_8484.json,37.28
air-bnb-listings,document_22160.json,52.37
air-bnb-listings,document_56910.json,41.89
air-bnb-listings,document_17166.json,23.09
air-bnb-listings,document_17963.json,65.59
air-bnb-listings,document_70727.json,99.51
air-bnb-listings,document_63157.json,41.02
air-bnb-listings,document_18765.json,24.8
air-bnb-listings,document_71457.json,39.03
air-bnb-listings,document_16411.json,22.98
air-bnb-listings,document_9942.json,51.72
air-bnb-listings,document_62365.json,24.38
air-bnb-listings,document_25485.json,38.3
air-bnb-listings,document_8059.json,246.85
air-bnb-listings,document_83229.json,24.66
air-bnb-listings,document_43359.json,326.16
air-bnb-listings,document_75327.json,101.8
air-bnb-listings,document_38760.json,323.26
air-bnb-listings,document_76678.json,53.76
air-bnb-listings,document_51809.json,23.09
air-bnb-listings,document_30718.json,52.94
air-bnb-listings,document_50248.json,38.01
air-bnb-listings,document_63558.json,22.67
air-bnb-listings,document_9507.json,134.86
air-bnb-listings,document_6702.json,53.63
air-bnb-listings,document_13305.json,23.95
air-bnb-listings,document_57447.json,23.54
air-bnb-listings,document_75025.json,155.33
air-bnb-listings,document_63456.json,57.03
air-bnb-listings,document_66471.json,98.34
air-bnb-listings,document_23340.json,41.53
air-bnb-listings,document_46248.json,41.12
air-bnb-listings,document_33209.json,24.12
air-bnb-listings,document_15416.json,45.29
air-bnb-listings,document_79326.json,110.75
air-bnb-listings,document_50611.json,24.27
air-bnb-listings,document_74737.json,188.02
air-bnb-listings,document_53082.json,131.22
air-bnb-listings,document_55066.json,42.53
air-bnb-listings,document_20055.json,302.14
air-bnb-listings,document_26983.json,136.0
air-bnb-listings,document_46175.json,24.69
air-bnb-listings,document_19368.json,109.09
air-bnb-listings,document_59314.json,81.81
air-bnb-listings,document_12943.json,119.15
air-bnb-listings,document_39672.json,25.16
air-bnb-listings,document_20066.json,68.82
air-bnb-listings,document_16442.json,106.33
air-bnb-listings,document_42770.json,342.13
air-bnb-listings,document_46351.json,343.23
air-bnb-listings,document_36619.json,91.09
air-bnb-listings,document_78472.json,27.02
air-bnb-listings,document_14269.json,188.64
air-bnb-listings,document_57090.json,26.04
air-bnb-listings,document_6094.json,42.73
air-bnb-listings,document_13800.json,115.68
air-bnb-listings,document_5571.json,25.49
air-bnb-listings,document_21422.json,111.44
air-bnb-listings,document_33350.json,77.23
air-bnb-listings,document_38540.json,25.17
air-bnb-listings,document_50060.json,120.41
air-bnb-listings,document_48080.json,25.98
air-bnb-listings,document_18885.json,112.33
air-bnb-listings,document_33881.json,25.49
air-bnb-listings,document_19747.json,24.54
air-bnb-listings,document_80954.json,25.4
air-bnb-listings,document_5535.json,63.4
air-bnb-listings,document_9584.json,44.95
air-bnb-listings,document_20961.json,60.21
air-bnb-listings,document_32621.json,143.99
air-bnb-listings,document_57483.json,27.17
air-bnb-listings,document_16637.json,84.56
air-bnb-listings,document_53429.json,64.38
air-bnb-listings,document_77237.json,72.75
air-bnb-listings,document_42728.json,59.92
air-bnb-listings,document_83155.json,26.18
air-bnb-listings,document_74360.json,68.7
air-bnb-listings,document_34201.json,43.86
air-bnb-listings,document_33124.json,175.99
air-bnb-listings,document_28676.json,44.41
air-bnb-listings,document_22490.json,116.21
air-bnb-listings,document_74227.json,27.98
air-bnb-listings,document_82394.json,45.84
air-bnb-listings,document_69369.json,27.83
air-bnb-listings,document_66686.json,26.04
air-bnb-listings,document_75586.json,147.18
air-bnb-listings,document_41726.json,88.68
air-bnb-listings,document_2239.json,141.39
air-bnb-listings,document_62375.json,25.41
air-bnb-listings,document_8116.json,25.39
air-bnb-listings,document_21410.json,74.39
air-bnb-listings,document_11045.json,85.76
air-bnb-listings,document_25977.json,46.69
air-bnb-listings,document_72452.json,60.89
air-bnb-listings,document_6187.json,85.86
air-bnb-listings,document_29209.json,124.8
air-bnb-listings,document_30361.json,57.42
air-bnb-listings,document_52565.json,164.7
air-bnb-listings,document_79626.json,97.62
air-bnb-listings,document_50959.json,47.99
air-bnb-listings,document_55569.json,26.87
air-bnb-listings,document_32186.json,62.65
air-bnb-listings,document_16394.json,74.69
air-bnb-listings,document_33449.json,27.95
air-bnb-listings,document_17649.json,57.82
air-bnb-listings,document_13004.json,156.68
air-bnb-listings,document_49140.json,45.1
air-bnb-listings,document_25826.json,41.65
air-bnb-listings,document_49270.json,43.93
air-bnb-listings,document_53136.json,44.21
air-bnb-listings,document_29707.json,28.02
air-bnb-listings,document_14866.json,63.4
air-bnb-listings,document_25729.json,28.1
air-bnb-listings,document_13080.json,514.4
air-bnb-listings,document_51565.json,26.23
air-bnb-listings,document_37134.json,25.68
air-bnb-listings,document_9268.json,27.83
air-bnb-listings,document_83285.json,25.96
air-bnb-listings,document_63053.json,65.1
air-bnb-listings,document_7995.json,28.07
air-bnb-listings,document_55189.json,46.99
air-bnb-listings,document_4798.json,25.4
air-bnb-listings,document_25257.json,400.33
air-bnb-listings,document_74069.json,150.37
air-bnb-listings,document_76635.json,198.44
air-bnb-listings,document_49751.json,56.21
air-bnb-listings,document_73676.json,84.74
air-bnb-listings,document_17313.json,93.13
air-bnb-listings,document_23834.json,258.42
air-bnb-listings,document_2413.json,225.47
air-bnb-listings,document_80391.json,26.0
air-bnb-listings,document_78289.json,25.65
air-bnb-listings,document_57214.json,107.43
air-bnb-listings,document_43713.json,49.25
air-bnb-listings,document_76690.json,45.59
air-bnb-listings,document_21462.json,43.03
air-bnb-listings,document_12548.json,389.25
air-bnb-listings,document_8625.json,95.13
air-bnb-listings,document_38700.json,26.24
air-bnb-listings,document_1463.json,228.32
air-bnb-listings,document_35487.json,84.11
air-bnb-listings,document_15339.json,25.86
air-bnb-listings,document_50944.json,25.94
air-bnb-listings,document_77171.json,92.89
air-bnb-listings,document_71259.json,78.08
air-bnb-listings,document_38352.json,62.95
air-bnb-listings,document_72283.json,26.42
air-bnb-listings,document_44013.json,307.05
air-bnb-listings,document_57723.json,166.12
air-bnb-listings,document_54555.json,24.95
air-bnb-listings,document_64440.json,54.91
air-bnb-listings,document_42914.json,413.77
air-bnb-listings,document_31803.json,89.63
air-bnb-listings,document_31762.json,94.23
air-bnb-listings,document_1762.json,128.23
air-bnb-listings,document_63648.json,25.94
air-bnb-listings,document_44088.json,60.52
air-bnb-listings,document_21218.json,24.79
air-bnb-listings,document_78233.json,42.18
air-bnb-listings,document_26278.json,53.18
air-bnb-listings,document_36253.json,242.97
air-bnb-listings,document_49418.json,24.53
air-bnb-listings,document_39919.json,24.77
air-bnb-listings,document_61210.json,39.61
air-bnb-listings,document_44143.json,128.96
air-bnb-listings,document_50954.json,24.2
air-bnb-listings,document_22245.json,124.46
air-bnb-listings,document_75377.json,176.81
air-bnb-listings,document_27728.json,25.64
air-bnb-listings,document_51107.json,23.75
air-bnb-listings,document_71580.json,56.64
air-bnb-listings,document_28935.json,198.02
air-bnb-listings,document_31234.json,24.29
air-bnb-listings,document_64943.json,340.69
air-bnb-listings,document_11250.json,23.24
air-bnb-listings,document_13501.json,93.46
air-bnb-listings,document_27466.json,87.18
air-bnb-listings,document_13876.json,26.31
air-bnb-listings,document_66912.json,55.64
air-bnb-listings,document_55272.json,25.16
air-bnb-listings,document_75956.json,63.59
air-bnb-listings,document_70050.json,51.05
air-bnb-listings,document_47091.json,24.76
air-bnb-listings,document_9029.json,60.8
air-bnb-listings,document_11516.json,25.13
air-bnb-listings,document_64182.json,23.93
air-bnb-listings,document_42640.json,23.89
air-bnb-listings,document_69593.json,24.05
air-bnb-listings,document_50768.json,23.94
air-bnb-listings,document_29050.json,92.45
air-bnb-listings,document_2594.json,119.63
air-bnb-listings,document_21418.json,22.33
air-bnb-listings,document_36720.json,60.79
air-bnb-listings,document_68453.json,25.14
air-bnb-listings,document_44019.json,23.5
air-bnb-listings,document_57827.json,23.02
air-bnb-listings,document_49367.json,408.34
air-bnb-listings,document_75757.json,86.19
air-bnb-listings,document_43313.json,65.26
air-bnb-listings,document_70042.json,87.85
air-bnb-listings,document_42757.json,165.11
air-bnb-listings,document_65999.json,22.94
air-bnb-listings,document_58561.json,72.33
air-bnb-listings,document_25000.json,39.32
air-bnb-listings,document_42212.json,49.81
air-bnb-listings,document_54510.json,161.59
air-bnb-listings,document_26818.json,35.5
air-bnb-listings,document_17842.json,37.11
air-bnb-listings,document_33939.json,67.15
air-bnb-listings,document_23198.json,23.09
air-bnb-listings,document_83564.json,71.0
air-bnb-listings,document_62395.json,23.0
air-bnb-listings,document_8866.json,37.16
air-bnb-listings,document_16194.json,20.48
air-bnb-listings,document_8772.json,22.85
air-bnb-listings,document_21434.json,21.21
air-bnb-listings,document_1880.json,21.28
air-bnb-listings,document_50194.json,21.46
air-bnb-listings,document_1631.json,37.64
air-bnb-listings,document_20253.json,91.49
air-bnb-listings,document_66440.json,49.95
air-bnb-listings,document_40526.json,65.45
air-bnb-listings,document_33783.json,35.88
air-bnb-listings,document_15617.json,50.39
air-bnb-listings,document_47118.json,38.47
air-bnb-listings,document_7696.json,22.36
air-bnb-listings,document_49668.json,73.35
air-bnb-listings,document_48469.json,38.57
air-bnb-listings,document_22715.json,253.28
air-bnb-listings,document_64738.json,131.49
air-bnb-listings,document_25745.json,335.99
air-bnb-listings,document_318.json,24.28
air-bnb-listings,document_14183.json,153.63
air-bnb-listings,document_80254.json,109.0
air-bnb-listings,document_22605.json,157.58
air-bnb-listings,document_47622.json,24.76
air-bnb-listings,document_30169.json,76.5
air-bnb-listings,document_75326.json,45.56
air-bnb-listings,document_66427.json,136.8
air-bnb-listings,document_72485.json,55.63
air-bnb-listings,document_64670.json,24.15
air-bnb-listings,document_32612.json,24.04
air-bnb-listings,document_35589.json,96.19
air-bnb-listings,document_71372.json,62.36
air-bnb-listings,document_38660.json,25.89
air-bnb-listings,document_29668.json,25.46
air-bnb-listings,document_37874.json,26.37
air-bnb-listings,document_28973.json,44.66
air-bnb-listings,document_70015.json,42.91
air-bnb-listings,document_26597.json,53.53
air-bnb-listings,document_72934.json,24.67
air-bnb-listings,document_15047.json,40.65
air-bnb-listings,document_43630.json,43.13
air-bnb-listings,document_67920.json,23.91
air-bnb-listings,document_65273.json,24.06
air-bnb-listings,document_923.json,24.15
air-bnb-listings,document_11297.json,162.94
air-bnb-listings,document_54011.json,380.84
air-bnb-listings,document_50107.json,40.45
air-bnb-listings,document_31377.json,121.47
air-bnb-listings,document_78228.json,24.17
air-bnb-listings,document_2980.json,42.27
air-bnb-listings,document_15596.json,24.49
air-bnb-listings,document_11951.json,24.21
air-bnb-listings,document_27185.json,40.19
air-bnb-listings,document_18929.json,69.37
air-bnb-listings,document_45202.json,23.7
air-bnb-listings,document_25894.json,73.68
air-bnb-listings,document_76375.json,24.14
air-bnb-listings,document_44646.json,24.59
air-bnb-listings,document_48025.json,25.96
air-bnb-listings,document_52901.json,41.31
air-bnb-listings,document_505.json,24.31
air-bnb-listings,document_20243.json,200.95
air-bnb-listings,document_81423.json,42.96
air-bnb-listings,document_71227.json,153.48
air-bnb-listings,document_31509.json,41.82
air-bnb-listings,document_2631.json,40.26
air-bnb-listings,document_29364.json,411.37
air-bnb-listings,document_19245.json,23.36
air-bnb-listings,document_51369.json,59.12
air-bnb-listings,document_53430.json,16.45
air-bnb-listings,document_12139.json,187.32
air-bnb-listings,document_32432.json,229.8
air-bnb-listings,document_80181.json,284.63
air-bnb-listings,document_67137.json,19.14
air-bnb-listings,document_18488.json,18.44
air-bnb-listings,document_83690.json,19.32
air-bnb-listings,document_14746.json,18.27
air-bnb-listings,document_31266.json,18.4
air-bnb-listings,document_21296.json,18.28
air-bnb-listings,document_40817.json,18.23
air-bnb-listings,document_37407.json,65.45
air-bnb-listings,document_63869.json,29.23
air-bnb-listings,document_82695.json,18.06
air-bnb-listings,document_57388.json,41.05
air-bnb-listings,document_62434.json,30.94
air-bnb-listings,document_24218.json,39.71
air-bnb-listings,document_26173.json,172.76
air-bnb-listings,document_42383.json,17.89
air-bnb-listings,document_59476.json,63.52
air-bnb-listings,document_1425.json,19.01
air-bnb-listings,document_77624.json,18.11
air-bnb-listings,document_42227.json,31.4
air-bnb-listings,document_74414.json,56.05
air-bnb-listings,document_53786.json,19.32
air-bnb-listings,document_26159.json,16.08
air-bnb-listings,document_72649.json,16.64
air-bnb-listings,document_21177.json,99.71
air-bnb-listings,document_5918.json,86.54
air-bnb-listings,document_11614.json,17.82
air-bnb-listings,document_40741.json,17.91
air-bnb-listings,document_4983.json,97.48
air-bnb-listings,document_51805.json,19.78
air-bnb-listings,document_18466.json,18.42
air-bnb-listings,document_72188.json,181.16
air-bnb-listings,document_53211.json,18.23
air-bnb-listings,document_4480.json,158.08
air-bnb-listings,document_76522.json,176.12
air-bnb-listings,document_76919.json,85.83
air-bnb-listings,document_40407.json,41.97
air-bnb-listings,document_32752.json,35.72
air-bnb-listings,document_44291.json,18.88
air-bnb-listings,document_68768.json,18.95
air-bnb-listings,document_3911.json,18.63
air-bnb-listings,document_14699.json,18.42
air-bnb-listings,document_24293.json,19.16
air-bnb-listings,document_20479.json,289.39
air-bnb-listings,document_80843.json,145.51
air-bnb-listings,document_33024.json,18.92
air-bnb-listings,document_67647.json,32.8
air-bnb-listings,document_55946.json,211.66
air-bnb-listings,document_46748.json,190.62
air-bnb-listings,document_45130.json,32.89
air-bnb-listings,document_210.json,36.07
air-bnb-listings,document_24479.json,20.56
air-bnb-listings,document_20995.json,107.73
air-bnb-listings,document_21440.json,77.58
air-bnb-listings,document_56247.json,18.97
air-bnb-listings,document_71153.json,42.92
air-bnb-listings,document_71624.json,32.41
air-bnb-listings,document_33999.json,20.59
air-bnb-listings,document_48146.json,130.58
air-bnb-listings,document_75319.json,58.57
air-bnb-listings,document_29768.json,86.29
air-bnb-listings,document_2123.json,19.34
air-bnb-listings,document_12132.json,47.28
air-bnb-listings,document_37332.json,20.76
air-bnb-listings,document_74354.json,264.9
air-bnb-listings,document_46467.json,136.01
air-bnb-listings,document_54004.json,72.96
air-bnb-listings,document_20699.json,32.55
air-bnb-listings,document_69452.json,74.52
air-bnb-listings,document_74272.json,20.2
air-bnb-listings,document_43006.json,98.8
air-bnb-listings,document_22461.json,20.69
air-bnb-listings,document_270.json,93.81
air-bnb-listings,document_16829.json,20.2
air-bnb-listings,document_6417.json,72.99
air-bnb-listings,document_32275.json,83.14
air-bnb-listings,document_22379.json,97.47
air-bnb-listings,document_42918.json,19.46
air-bnb-listings,document_63121.json,47.98
air-bnb-listings,document_67056.json,38.34
air-bnb-listings,document_20143.json,34.58
air-bnb-listings,document_78891.json,207.46
air-bnb-listings,document_31342.json,21.08
air-bnb-listings,document_77719.json,52.5
air-bnb-listings,document_19013.json,35.11
air-bnb-listings,document_60393.json,36.91
air-bnb-listings,document_31462.json,77.37
air-bnb-listings,document_4118.json,19.55
air-bnb-listings,document_55041.json,104.37
air-bnb-listings,document_74293.json,20.56
air-bnb-listings,document_63083.json,36.46
air-bnb-listings,document_46976.json,222.83
air-bnb-listings,document_48520.json,19.87
air-bnb-listings,document_63500.json,21.07
air-bnb-listings,document_83338.json,92.11
air-bnb-listings,document_51775.json,35.48
air-bnb-listings,document_72339.json,21.4
air-bnb-listings,document_25601.json,69.12
air-bnb-listings,document_53707.json,62.44
air-bnb-listings,document_6082.json,66.47
air-bnb-listings,document_40583.json,21.11
air-bnb-listings,document_61297.json,99.76
air-bnb-listings,document_56848.json,21.91
air-bnb-listings,document_76727.json,97.42
air-bnb-listings,document_29226.json,44.22
air-bnb-listings,document_31695.json,46.45
air-bnb-listings,document_19623.json,20.34
air-bnb-listings,document_71710.json,33.99
air-bnb-listings,document_62436.json,34.3
air-bnb-listings,document_65137.json,47.94
air-bnb-listings,document_1489.json,58.86
air-bnb-listings,document_24061.json,20.39
air-bnb-listings,document_55680.json,19.47
air-bnb-listings,document_46316.json,54.24
air-bnb-listings,document_41974.json,35.92
air-bnb-listings,document_70692.json,61.24
air-bnb-listings,document_2618.json,35.55
air-bnb-listings,document_2135.json,32.56
air-bnb-listings,document_13329.json,155.33
air-bnb-listings,document_35983.json,21.64
air-bnb-listings,document_39540.json,21.33
air-bnb-listings,document_74686.json,20.8
air-bnb-listings,document_62697.json,91.6
air-bnb-listings,document_42224.json,133.85
air-bnb-listings,document_68658.json,99.14
air-bnb-listings,document_59119.json,20.23
air-bnb-listings,document_73921.json,20.29
air-bnb-listings,document_17534.json,48.11
air-bnb-listings,document_47145.json,114.32
air-bnb-listings,document_45007.json,20.15
air-bnb-listings,document_13647.json,55.0
air-bnb-listings,document_42275.json,34.09
air-bnb-listings,document_69683.json,20.25
air-bnb-listings,document_72165.json,60.93
air-bnb-listings,document_59941.json,21.05
air-bnb-listings,document_66867.json,63.89
air-bnb-listings,document_57963.json,73.46
air-bnb-listings,document_33517.json,93.11
air-bnb-listings,document_64149.json,91.0
air-bnb-listings,document_64922.json,196.04
air-bnb-listings,document_50686.json,20.45
air-bnb-listings,document_38932.json,75.65
air-bnb-listings,document_31338.json,20.69
air-bnb-listings,document_6635.json,46.8
air-bnb-listings,document_46925.json,20.28
air-bnb-listings,document_81557.json,20.15
air-bnb-listings,document_72768.json,341.09
air-bnb-listings,document_28318.json,38.57
air-bnb-listings,document_42321.json,40.4
air-bnb-listings,document_21620.json,17.51
air-bnb-listings,document_21355.json,82.23
air-bnb-listings,document_44246.json,40.78
air-bnb-listings,document_73304.json,46.84
air-bnb-listings,document_39058.json,18.28
air-bnb-listings,document_28761.json,65.48
air-bnb-listings,document_10346.json,141.28
air-bnb-listings,document_19905.json,17.98
air-bnb-listings,document_14977.json,60.89
air-bnb-listings,document_34672.json,19.34
air-bnb-listings,document_67541.json,19.54
air-bnb-listings,document_31785.json,61.67
air-bnb-listings,document_57532.json,31.59
air-bnb-listings,document_3343.json,20.38
air-bnb-listings,document_55141.json,31.36
air-bnb-listings,document_69744.json,161.58
air-bnb-listings,document_34751.json,153.48
air-bnb-listings,document_41695.json,31.2
air-bnb-listings,document_52578.json,34.07
air-bnb-listings,document_31360.json,18.66
air-bnb-listings,document_7350.json,84.9
air-bnb-listings,document_71839.json,313.6
air-bnb-listings,document_82691.json,65.44
air-bnb-listings,document_25998.json,35.14
air-bnb-listings,document_56881.json,18.81
air-bnb-listings,document_69193.json,181.17
air-bnb-listings,document_82805.json,53.82
air-bnb-listings,document_67354.json,31.55
air-bnb-listings,document_7725.json,20.31
air-bnb-listings,document_46177.json,18.5
air-bnb-listings,document_56122.json,80.16
air-bnb-listings,document_81792.json,71.48
air-bnb-listings,document_12506.json,60.48
air-bnb-listings,document_62248.json,34.9
air-bnb-listings,document_36346.json,64.32
air-bnb-listings,document_23615.json,105.12
air-bnb-listings,document_28375.json,48.94
air-bnb-listings,document_5454.json,21.05
air-bnb-listings,document_36697.json,63.86
air-bnb-listings,document_3580.json,20.2
air-bnb-listings,document_56160.json,161.91
air-bnb-listings,document_4615.json,46.98
air-bnb-listings,document_72458.json,32.72
air-bnb-listings,document_46390.json,21.18
air-bnb-listings,document_43394.json,36.15
air-bnb-listings,document_47975.json,108.18
air-bnb-listings,document_39795.json,203.69
air-bnb-listings,document_61639.json,53.66
air-bnb-listings,document_33886.json,20.39
air-bnb-listings,document_56472.json,22.22
air-bnb-listings,document_33492.json,22.39
air-bnb-listings,document_13682.json,21.14
air-bnb-listings,document_68505.json,61.35
air-bnb-listings,document_17569.json,47.09
air-bnb-listings,document_51955.json,20.87
air-bnb-listings,document_10004.json,35.66
air-bnb-listings,document_68240.json,21.19
air-bnb-listings,document_67057.json,20.31
air-bnb-listings,document_43882.json,20.4
air-bnb-listings,document_62165.json,20.61
air-bnb-listings,document_47048.json,55.54
air-bnb-listings,document_60794.json,20.51
air-bnb-listings,document_17071.json,146.49
air-bnb-listings,document_83578.json,49.18
air-bnb-listings,document_48374.json,78.28
air-bnb-listings,document_13378.json,121.74
air-bnb-listings,document_54635.json,66.24
air-bnb-listings,document_47462.json,23.0
air-bnb-listings,document_32233.json,48.44
air-bnb-listings,document_19672.json,225.89
air-bnb-listings,document_27654.json,21.44
air-bnb-listings,document_21304.json,288.61
air-bnb-listings,document_60539.json,23.47
air-bnb-listings,document_81544.json,34.94
air-bnb-listings,document_6825.json,22.04
air-bnb-listings,document_32918.json,21.78
air-bnb-listings,document_62115.json,38.59
air-bnb-listings,document_9460.json,22.24
air-bnb-listings,document_37575.json,22.1
air-bnb-listings,document_24885.json,22.13
air-bnb-listings,document_76773.json,38.46
air-bnb-listings,document_52977.json,21.53
air-bnb-listings,document_14459.json,86.84
air-bnb-listings,document_49333.json,23.59
air-bnb-listings,document_70961.json,54.89
air-bnb-listings,document_80547.json,23.58
air-bnb-listings,document_82549.json,44.13
air-bnb-listings,document_50270.json,137.15
air-bnb-listings,document_8700.json,24.51
air-bnb-listings,document_83605.json,73.85
air-bnb-listings,document_47720.json,106.03
air-bnb-listings,document_10638.json,42.07
air-bnb-listings,document_6048.json,121.08
air-bnb-listings,document_49808.json,24.03
air-bnb-listings,document_48398.json,23.66
air-bnb-listings,document_57350.json,245.7
air-bnb-listings,document_52357.json,54.65
air-bnb-listings,document_6931.json,24.08
air-bnb-listings,document_61112.json,99.69
air-bnb-listings,document_26338.json,24.72
air-bnb-listings,document_24084.json,24.0
air-bnb-listings,document_36945.json,85.64
air-bnb-listings,document_36662.json,41.48
air-bnb-listings,document_59321.json,79.4
air-bnb-listings,document_16619.json,99.4
air-bnb-listings,document_3381.json,101.75
air-bnb-listings,document_76098.json,56.87
air-bnb-listings,document_11073.json,147.99
air-bnb-listings,document_27591.json,23.63
air-bnb-listings,document_66248.json,157.9
air-bnb-listings,document_64997.json,95.95
air-bnb-listings,document_77088.json,22.19
air-bnb-listings,document_47432.json,40.76
air-bnb-listings,document_65167.json,72.39
air-bnb-listings,document_5212.json,38.52
air-bnb-listings,document_34532.json,94.49
air-bnb-listings,document_79861.json,23.57
air-bnb-listings,document_69484.json,23.72
air-bnb-listings,document_52926.json,23.96
air-bnb-listings,document_51101.json,22.01
air-bnb-listings,document_74311.json,22.43
air-bnb-listings,document_19903.json,24.07
air-bnb-listings,document_29400.json,52.42
air-bnb-listings,document_14242.json,37.62
air-bnb-listings,document_8220.json,23.72
air-bnb-listings,document_33295.json,22.07
air-bnb-listings,document_81842.json,82.48
air-bnb-listings,document_21398.json,22.32
air-bnb-listings,document_67261.json,22.6
air-bnb-listings,document_62767.json,172.33
air-bnb-listings,document_56878.json,23.07
air-bnb-listings,document_75971.json,24.19
air-bnb-listings,document_1805.json,114.82
air-bnb-listings,document_65136.json,282.99
air-bnb-listings,document_22452.json,49.61
air-bnb-listings,document_32813.json,23.79
air-bnb-listings,document_19708.json,24.89
air-bnb-listings,document_76566.json,86.93
air-bnb-listings,document_64049.json,39.46
air-bnb-listings,document_42837.json,24.59
air-bnb-listings,document_45047.json,39.79
air-bnb-listings,document_22628.json,77.76
air-bnb-listings,document_70616.json,49.95
air-bnb-listings,document_53247.json,40.11
air-bnb-listings,document_23777.json,23.71
air-bnb-listings,document_17325.json,23.66
air-bnb-listings,document_24287.json,58.7
air-bnb-listings,document_46461.json,107.03
air-bnb-listings,document_11662.json,118.16
air-bnb-listings,document_21131.json,72.08
air-bnb-listings,document_7171.json,256.4
air-bnb-listings,document_83356.json,39.89
air-bnb-listings,document_6400.json,22.85
air-bnb-listings,document_73340.json,23.67
air-bnb-listings,document_19908.json,43.03
air-bnb-listings,document_6510.json,45.44
air-bnb-listings,document_57161.json,182.53
air-bnb-listings,document_82426.json,71.04
air-bnb-listings,document_34359.json,42.77
air-bnb-listings,document_18509.json,53.06
air-bnb-listings,document_22616.json,41.49
air-bnb-listings,document_6663.json,103.35
air-bnb-listings,document_76173.json,71.21
air-bnb-listings,document_78270.json,24.16
air-bnb-listings,document_64632.json,23.19
air-bnb-listings,document_77846.json,25.14
air-bnb-listings,document_83675.json,37.75
air-bnb-listings,document_74967.json,52.97
air-bnb-listings,document_47785.json,79.33
air-bnb-listings,document_3351.json,25.88
air-bnb-listings,document_27649.json,52.72
air-bnb-listings,document_28787.json,24.49
air-bnb-listings,document_82542.json,66.16
air-bnb-listings,document_30911.json,96.12
air-bnb-listings,document_68742.json,44.04
air-bnb-listings,document_36044.json,53.58
air-bnb-listings,document_33858.json,20.6
air-bnb-listings,document_44559.json,20.82
air-bnb-listings,document_55502.json,43.92
air-bnb-listings,document_64437.json,83.26
air-bnb-listings,document_6997.json,17.25
air-bnb-listings,document_65105.json,112.16
air-bnb-listings,document_20164.json,54.5
air-bnb-listings,document_69720.json,80.92
air-bnb-listings,document_15767.json,37.3
air-bnb-listings,document_42096.json,19.21
air-bnb-listings,document_8100.json,30.09
air-bnb-listings,document_31899.json,18.48
air-bnb-listings,document_61118.json,17.12
air-bnb-listings,document_39586.json,17.92
air-bnb-listings,document_18547.json,82.84
air-bnb-listings,document_75926.json,66.22
air-bnb-listings,document_69818.json,17.9
air-bnb-listings,document_2052.json,41.58
air-bnb-listings,document_75631.json,18.47
air-bnb-listings,document_44663.json,282.86
air-bnb-listings,document_10667.json,39.07
air-bnb-listings,document_13199.json,21.81
air-bnb-listings,document_73128.json,22.56
air-bnb-listings,document_36307.json,37.4
air-bnb-listings,document_65284.json,51.04
air-bnb-listings,document_40263.json,110.61
air-bnb-listings,document_70443.json,23.64
air-bnb-listings,document_74649.json,22.13
air-bnb-listings,document_17477.json,23.7
air-bnb-listings,document_32088.json,22.3
air-bnb-listings,document_9110.json,22.12
air-bnb-listings,document_4176.json,87.89
air-bnb-listings,document_2363.json,61.86
air-bnb-listings,document_54046.json,172.48
air-bnb-listings,document_1108.json,74.31
air-bnb-listings,document_34531.json,89.01
air-bnb-listings,document_79720.json,37.34
air-bnb-listings,document_19559.json,80.34
air-bnb-listings,document_54867.json,81.26
air-bnb-listings,document_7018.json,112.39
air-bnb-listings,document_54608.json,21.85
air-bnb-listings,document_41570.json,135.26
air-bnb-listings,document_53064.json,24.21
air-bnb-listings,document_41777.json,41.67
air-bnb-listings,document_15954.json,94.33
air-bnb-listings,document_57706.json,23.77
air-bnb-listings,document_7019.json,63.37
air-bnb-listings,document_61235.json,27.04
air-bnb-listings,document_15764.json,145.54
air-bnb-listings,document_59757.json,27.21
air-bnb-listings,document_44656.json,119.5
air-bnb-listings,document_16278.json,26.52
air-bnb-listings,document_58425.json,44.22
air-bnb-listings,document_26009.json,25.67
air-bnb-listings,document_74116.json,27.59
air-bnb-listings,document_72132.json,101.62
air-bnb-listings,document_6593.json,181.44
air-bnb-listings,document_25771.json,26.43
air-bnb-listings,document_58036.json,48.32
air-bnb-listings,document_11207.json,27.03
air-bnb-listings,document_25739.json,61.61
air-bnb-listings,document_23816.json,96.2
air-bnb-listings,document_586.json,127.92
air-bnb-listings,document_80859.json,26.72
air-bnb-listings,document_62997.json,43.57
air-bnb-listings,document_74429.json,63.44
air-bnb-listings,document_55684.json,26.91
air-bnb-listings,document_59339.json,27.88
air-bnb-listings,document_38529.json,44.91
air-bnb-listings,document_74750.json,84.27
air-bnb-listings,document_77708.json,61.72
air-bnb-listings,document_54718.json,185.28
air-bnb-listings,document_29682.json,201.13
air-bnb-listings,document_32065.json,45.54
air-bnb-listings,document_33776.json,99.65
air-bnb-listings,document_35862.json,47.96
air-bnb-listings,document_15097.json,173.45
air-bnb-listings,document_33038.json,46.36
air-bnb-listings,document_22170.json,47.73
air-bnb-listings,document_38940.json,146.2
air-bnb-listings,document_3919.json,87.24
air-bnb-listings,document_22047.json,166.15
air-bnb-listings,document_74677.json,223.65
air-bnb-listings,document_8075.json,30.7
air-bnb-listings,document_78423.json,104.65
air-bnb-listings,document_42966.json,118.15
air-bnb-listings,document_82872.json,28.86
air-bnb-listings,document_26125.json,27.35
air-bnb-listings,document_51845.json,118.02
air-bnb-listings,document_26565.json,136.4
air-bnb-listings,document_66632.json,27.55
air-bnb-listings,document_43597.json,27.52
air-bnb-listings,document_83134.json,25.44
air-bnb-listings,document_52566.json,45.89
air-bnb-listings,document_51391.json,126.04
air-bnb-listings,document_44011.json,48.26
air-bnb-listings,document_83032.json,25.81
air-bnb-listings,document_18966.json,25.19
air-bnb-listings,document_76486.json,55.32
air-bnb-listings,document_24194.json,24.76
air-bnb-listings,document_53066.json,25.28
air-bnb-listings,document_74768.json,24.87
air-bnb-listings,document_80166.json,24.8
air-bnb-listings,document_38630.json,171.06
air-bnb-listings,document_44444.json,232.95
air-bnb-listings,document_79171.json,143.56
air-bnb-listings,document_69393.json,27.12
air-bnb-listings,document_75597.json,24.92
air-bnb-listings,document_43384.json,79.49
air-bnb-listings,document_32656.json,26.43
air-bnb-listings,document_51730.json,76.11
air-bnb-listings,document_75356.json,26.18
air-bnb-listings,document_11100.json,26.82
air-bnb-listings,document_42131.json,393.05
air-bnb-listings,document_18417.json,39.02
air-bnb-listings,document_40754.json,130.97
air-bnb-listings,document_3098.json,76.66
air-bnb-listings,document_77284.json,115.76
air-bnb-listings,document_4821.json,65.28
air-bnb-listings,document_36726.json,25.65
air-bnb-listings,document_43674.json,63.9
air-bnb-listings,document_23202.json,25.49
air-bnb-listings,document_31116.json,195.51
air-bnb-listings,document_77742.json,24.55
air-bnb-listings,document_36317.json,37.36
dataset_5MB,document_11336.json,74.41
dataset_5MB,document_6937.json,1104.9
dataset_5MB,document_6149.json,297.81
dataset_5MB,document_2395.json,55.86
dataset_5MB,document_9510.json,70.96
dataset_5MB,document_2408.json,75.83
dataset_5MB,document_7500.json,234.82
dataset_5MB,document_2168.json,1265.68
dataset_5MB,document_2734.json,118.73
dataset_5MB,document_9006.json,101.64
dataset_5MB,document_6268.json,769.51
dataset_5MB,document_79.json,48.84
dataset_5MB,document_7585.json,1148.83
dataset_5MB,document_7199.json,348.61
dataset_5MB,document_3309.json,1025.6
dataset_5MB,document_340.json,156.84
dataset_5MB,document_10024.json,80.46
dataset_5MB,document_3270.json,537.19
dataset_5MB,document_11159.json,331.31
dataset_5MB,document_9844.json,240.18
dataset_5MB,document_10988.json,892.02
dataset_5MB,document_10641.json,410.13
dataset_5MB,document_10471.json,137.57
dataset_5MB,document_824.json,598.59
dataset_5MB,document_9337.json,431.32
dataset_5MB,document_2050.json,39.98
dataset_5MB,document_8475.json,1233.44
dataset_5MB,document_6506.json,473.88
dataset_5MB,document_523.json,380.2
dataset_5MB,document_5555.json,552.83
dataset_5MB,document_146.json,544.76
dataset_5MB,document_5191.json,66.74
dataset_5MB,document_6664.json,380.27
dataset_5MB,document_1363.json,232.45
dataset_5MB,document_9780.json,411.73
dataset_5MB,document_5259.json,594.98
dataset_5MB,document_6703.json,54.62
dataset_5MB,document_8442.json,1119.81
dataset_5MB,document_5910.json,71.56
dataset_5MB,document_8451.json,335.97
dataset_5MB,document_9131.json,184.7
dataset_5MB,document_4994.json,1230.79
dataset_5MB,document_6258.json,155.15
dataset_5MB,document_3058.json,523.11
dataset_5MB,document_10441.json,1142.63
dataset_5MB,document_8715.json,884.71
dataset_5MB,document_2223.json,150.93
dataset_5MB,document_2567.json,378.63
dataset_5MB,document_6033.json,898.36
dataset_5MB,document_9650.json,211.3
dataset_5MB,document_7758.json,107.05
dataset_5MB,document_11096.json,32.39
dataset_5MB,document_10798.json,1077.6
dataset_5MB,document_9570.json,1243.59
dataset_5MB,document_2550.json,1073.03
dataset_5MB,document_11365.json,1199.12
dataset_5MB,document_6336.json,211.37
dataset_5MB,document_2973.json,304.1
dataset_5MB,document_6620.json,1785.85
dataset_5MB,document_9435.json,641.0
dataset_5MB,document_11082.json,1066.05
dataset_5MB,document_7890.json,595.77
dataset_5MB,document_1732.json,354.85
dataset_5MB,document_9230.json,230.75
dataset_5MB,document_2794.json,449.64
dataset_5MB,document_6253.json,109.07
dataset_5MB,document_7950.json,1192.98
dataset_5MB,document_3282.json,240.2
dataset_5MB,document_3010.json,487.54
dataset_5MB,document_1024.json,110.11
dataset_5MB,document_1553.json,1150.26
dataset_5MB,document_3328.json,249.0
dataset_5MB,document_4846.json,371.95
dataset_5MB,document_10994.json,720.33
dataset_5MB,document_4780.json,339.68
dataset_5MB,document_5167.json,94.8
dataset_5MB,document_1355.json,460.75
dataset_5MB,document_11342.json,394.41
dataset_5MB,document_8247.json,241.89
dataset_5MB,document_2244.json,26.84
dataset_5MB,document_4043.json,884.48
dataset_5MB,document_2037.json,676.84
dataset_5MB,document_9853.json,273.7
dataset_5MB,document_6895.json,94.37
dataset_5MB,document_8361.json,446.43
dataset_5MB,document_3430.json,1735.29
dataset_5MB,document_10512.json,352.38
dataset_5MB,document_8934.json,42.0
dataset_5MB,document_6050.json,847.01
dataset_5MB,document_183.json,251.86
dataset_5MB,document_6349.json,126.31
dataset_5MB,document_10367.json,850.83
dataset_5MB,document_11387.json,47.64
dataset_5MB,document_7825.json,410.71
dataset_5MB,document_3672.json,156.65
dataset_5MB,document_922.json,630.88
dataset_5MB,document_3646.json,907.21
dataset_5MB,document_8885.json,529.29
dataset_5MB,document_10878.json,106.91
dataset_5MB,document_154.json,119.92
dataset_5MB,document_1361.json,1473.03
dataset_5MB,document_6049.json,200.15
dataset_5MB,document_662.json,1408.99
dataset_5MB,document_3311.json,469.3
dataset_5MB,document_6673.json,110.55
dataset_5MB,document_9803.json,336.19
dataset_5MB,document_11122.json,173.05
dataset_5MB,document_9482.json,488.72
dataset_5MB,document_369.json,608.32
dataset_5MB,document_5354.json,593.92
dataset_5MB,document_8551.json,79.0
dataset_5MB,document_6370.json,587.37
dataset_5MB,document_5491.json,448.68
dataset_5MB,document_10902.json,128.99
dataset_5MB,document_6299.json,828.35
dataset_5MB,document_10193.json,253.72
dataset_5MB,document_9638.json,237.28
dataset_5MB,document_640.json,75.69
dataset_5MB,document_11187.json,179.55
dataset_5MB,document_1684.json,421.78
dataset_5MB,document_9884.json,221.26
dataset_5MB,document_9623.json,1236.27
dataset_5MB,document_10103.json,274.51
dataset_5MB,document_4690.json,350.37
dataset_5MB,document_9043.json,579.24
dataset_5MB,document_1295.json,237.83
dataset_5MB,document_11192.json,75.3
dataset_5MB,document_4773.json,800.21
dataset_5MB,document_3535.json,52.62
dataset_5MB,document_3990.json,761.06
dataset_5MB,document_8458.json,325.53
dataset_5MB,document_8671.json,166.11
dataset_5MB,document_3551.json,63.86
dataset_5MB,document_6063.json,360.86
dataset_5MB,document_10988.json,308.58
dataset_5MB,document_8999.json,456.95
dataset_5MB,document_282.json,356.09
dataset_5MB,document_14.json,257.6
dataset_5MB,document_6315.json,189.87
dataset_5MB,document_1066.json,129.48
dataset_5MB,document_2890.json,18.95
dataset_5MB,document_2225.json,170.45
dataset_5MB,document_1081.json,344.69
dataset_5MB,document_1272.json,615.98
dataset_5MB,document_3300.json,326.33
dataset_5MB,document_7038.json,83.88
dataset_5MB,document_3764.json,61.74
dataset_5MB,document_102.json,225.61
dataset_5MB,document_6206.json,184.64
dataset_5MB,document_6311.json,984.83
dataset_5MB,document_6148.json,95.17
dataset_5MB,document_9844.json,69.37
dataset_5MB,document_10491.json,848.44
dataset_5MB,document_298.json,105.03
dataset_5MB,document_10533.json,383.48
dataset_5MB,document_2212.json,404.42
dataset_5MB,document_10272.json,968.05
dataset_5MB,document_11354.json,304.78
dataset_5MB,document_2831.json,46.75
dataset_5MB,document_8626.json,1222.29
dataset_5MB,document_6603.json,400.4
dataset_5MB,document_9758.json,661.4
dataset_5MB,document_6098.json,135.06
dataset_5MB,document_2241.json,288.1
dataset_5MB,document_1707.json,404.72
dataset_5MB,document_3073.json,873.62
dataset_5MB,document_640.json,360.76
dataset_5MB,document_2347.json,437.7
dataset_5MB,document_3344.json,1516.9
dataset_5MB,document_1517.json,527.02
dataset_5MB,document_811.json,518.64
dataset_5MB,document_1564.json,326.93
dataset_5MB,document_4680.json,1164.94
dataset_5MB,document_9512.json,558.47
dataset_5MB,document_10110.json,322.57
dataset_5MB,document_2856.json,194.51
dataset_5MB,document_6700.json,249.54
dataset_5MB,document_7526.json,96.07
dataset_5MB,document_7669.json,211.7
dataset_5MB,document_10643.json,952.8
dataset_5MB,document_5894.json,346.27
dataset_5MB,document_5587.json,848.08
dataset_5MB,document_7929.json,1019.09
dataset_5MB,document_10723.json,483.13
dataset_5MB,document_863.json,315.27
dataset_5MB,document_6747.json,771.21
dataset_5MB,document_3093.json,492.14
dataset_5MB,document_5699.json,741.62
dataset_5MB,document_10124.json,959.76
dataset_5MB,document_2860.json,242.59
dataset_5MB,document_6296.json,647.65
dataset_5MB,document_6765.json,81.65
dataset_5MB,document_541.json,543.32
dataset_5MB,document_6654.json,411.26
dataset_5MB,document_8879.json,569.46
dataset_5MB,document_4079.json,661.92
dataset_5MB,document_8957.json,25.01
dataset_5MB,document_5173.json,71.66
dataset_5MB,document_5782.json,518.77
dataset_5MB,document_1055.json,233.91
dataset_5MB,document_8477.json,1183.86
dataset_5MB,document_6396.json,364.92
dataset_5MB,document_4116.json,59.93
dataset_5MB,document_1129.json,923.66
dataset_5MB,document_5594.json,648.73
dataset_5MB,document_10901.json,206.04
dataset_5MB,document_3173.json,462.72
dataset_5MB,document_10528.json,91.03
dataset_5MB,document_9705.json,1097.6
dataset_5MB,document_10254.json,176.24
dataset_5MB,document_5067.json,427.74
dataset_5MB,document_1913.json,711.77
dataset_5MB,document_8712.json,63.33
dataset_5MB,document_3901.json,246.78
dataset_5MB,document_10309.json,300.31
dataset_5MB,document_8933.json,310.01
dataset_5MB,document_8704.json,44.7
dataset_5MB,document_3051.json,459.92
dataset_5MB,document_8815.json,288.45
dataset_5MB,document_5148.json,563.62
dataset_5MB,document_3838.json,224.89
dataset_5MB,document_3219.json,77.13
dataset_5MB,document_3139.json,226.02
dataset_5MB,document_10517.json,1616.71
dataset_5MB,document_5552.json,82.77
dataset_5MB,document_6701.json,183.23
dataset_5MB,document_2260.json,307.56
dataset_5MB,document_3633.json,107.09
dataset_5MB,document_1158.json,213.97
dataset_5MB,document_2888.json,190.62
dataset_5MB,document_6828.json,679.48
dataset_5MB,document_509.json,404.03
dataset_5MB,document_10659.json,418.93
dataset_5MB,document_6019.json,488.75
dataset_5MB,document_5248.json,955.81
dataset_5MB,document_10893.json,348.86
dataset_5MB,document_4119.json,254.75
dataset_5MB,document_10048.json,1045.81
dataset_5MB,document_4826.json,466.44
dataset_5MB,document_10651.json,422.14
dataset_5MB,document_2440.json,183.08
dataset_5MB,document_8070.json,134.29
dataset_5MB,document_3832.json,119.23
dataset_5MB,document_1587.json,64.45
dataset_5MB,document_7509.json,112.23
dataset_5MB,document_11306.json,330.66
dataset_5MB,document_10013.json,25.9
dataset_5MB,document_340.json,866.32
dataset_5MB,document_7329.json,46.61
dataset_5MB,document_9316.json,598.92
dataset_5MB,document_4521.json,110.58
dataset_5MB,document_3430.json,606.87
dataset_5MB,document_7749.json,1481.28
dataset_5MB,document_92.json,79.1
dataset_5MB,document_11163.json,439.89
dataset_5MB,document_3696.json,104.54
dataset_5MB,document_2312.json,253.5
dataset_5MB,document_9950.json,714.62
dataset_5MB,document_2102.json,137.23
dataset_5MB,document_5606.json,122.88
dataset_5MB,document_5107.json,443.15
dataset_5MB,document_4586.json,535.23
dataset_5MB,document_1120.json,314.92
dataset_5MB,document_5456.json,70.29
dataset_5MB,document_10213.json,218.5
dataset_5MB,document_1380.json,402.52
dataset_5MB,document_6749.json,529.79
dataset_5MB,document_3361.json,362.08
dataset_5MB,document_843.json,141.96
dataset_5MB,document_3915.json,310.6
dataset_5MB,document_5929.json,287.43
dataset_5MB,document_1682.json,547.58
dataset_5MB,document_11482.json,127.1
dataset_5MB,document_802.json,157.65
dataset_5MB,document_3998.json,552.08
dataset_5MB,document_2022.json,117.89
dataset_5MB,document_1813.json,75.06
dataset_5MB,document_2923.json,506.21
dataset_5MB,document_3154.json,176.77
dataset_5MB,document_3454.json,43.57
dataset_5MB,document_6717.json,68.14
dataset_5MB,document_2543.json,1665.45
dataset_5MB,document_398.json,91.76
dataset_5MB,document_9586.json,162.67
dataset_5MB,document_5139.json,1045.51
dataset_5MB,document_11368.json,275.28
dataset_5MB,document_11374.json,207.48
dataset_5MB,document_7624.json,367.69
dataset_5MB,document_2414.json,635.82
dataset_5MB,document_2947.json,178.33
dataset_5MB,document_10911.json,416.51
dataset_5MB,document_11071.json,590.41
dataset_5MB,document_9005.json,252.24
dataset_5MB,document_5281.json,320.77
dataset_5MB,document_10489.json,979.16
dataset_5MB,document_4691.json,19.02
dataset_5MB,document_5755.json,327.09
dataset_5MB,document_8901.json,159.86
dataset_5MB,document_115.json,91.05
dataset_5MB,document_6708.json,74.22
dataset_5MB,document_9633.json,570.2
dataset_5MB,document_7516.json,971.2
dataset_5MB,document_7089.json,709.85
dataset_5MB,document_8073.json,223.07
dataset_5MB,document_3474.json,506.04
dataset_5MB,document_8869.json,1150.83
dataset_5MB,document_7478.json,358.05
dataset_5MB,document_3748.json,248.1
dataset_5MB,document_7448.json,1638.11
dataset_5MB,document_11170.json,470.82
dataset_5MB,document_6345.json,138.51
dataset_5MB,document_5344.json,240.2
dataset_5MB,document_10118.json,627.97
dataset_5MB,document_10302.json,187.79
dataset_5MB,document_6798.json,62.62
dataset_5MB,document_1001.json,58.27
dataset_5MB,document_5524.json,177.94
dataset_5MB,document_3776.json,108.69
dataset_5MB,document_11223.json,598.49
dataset_5MB,document_3784.json,90.26
dataset_5MB,document_8668.json,944.77
dataset_5MB,document_1490.json,263.61
dataset_5MB,document_4657.json,64.71
dataset_5MB,document_7177.json,1166.3
dataset_5MB,document_4630.json,111.24
dataset_5MB,document_4984.json,177.9
dataset_5MB,document_881.json,295.01
dataset_5MB,document_3792.json,127.82
dataset_5MB,document_4067.json,166.61
dataset_5MB,document_10211.json,1204.94
dataset_5MB,document_1685.json,945.37
dataset_5MB,document_8366.json,411.83
dataset_5MB,document_6203.json,22.66
dataset_5MB,document_8979.json,476.95
dataset_5MB,document_7600.json,1247.71
dataset_5MB,document_7470.json,394.03
dataset_5MB,document_5084.json,354.43
dataset_5MB,document_3126.json,79.01
dataset_5MB,document_496.json,405.7
dataset_5MB,document_10540.json,371.32
dataset_5MB,document_609.json,221.13
dataset_5MB,document_9466.json,509.97
dataset_5MB,document_5989.json,107.61
dataset_5MB,document_9122.json,716.53
dataset_5MB,document_3324.json,1435.54
dataset_5MB,document_6404.json,69.3
dataset_5MB,document_10775.json,130.66
dataset_5MB,document_9057.json,22.69
dataset_5MB,document_3482.json,1086.41
dataset_5MB,document_2510.json,523.63
dataset_5MB,document_1641.json,277.59
dataset_5MB,document_8800.json,628.4
dataset_5MB,document_809.json,22.75
dataset_5MB,document_2449.json,292.17
dataset_5MB,document_3875.json,719.1
dataset_5MB,document_3290.json,238.73
dataset_5MB,document_4276.json,35.69
dataset_5MB,document_5199.json,253.87
dataset_5MB,document_4542.json,1321.6
dataset_5MB,document_8137.json,63.52
dataset_5MB,document_10177.json,56.88
dataset_5MB,document_7722.json,56.63
dataset_5MB,document_10114.json,402.39
dataset_5MB,document_2066.json,45.87
dataset_5MB,document_8722.json,21.02
dataset_5MB,document_10002.json,371.2
dataset_5MB,document_2353.json,105.71
dataset_5MB,document_3258.json,389.56
dataset_5MB,document_9862.json,1632.96
dataset_5MB,document_1035.json,139.97
dataset_5MB,document_4998.json,233.28
dataset_5MB,document_2838.json,32.99
dataset_5MB,document_1418.json,593.76
dataset_5MB,document_5289.json,392.49
dataset_5MB,document_10651.json,891.22
dataset_5MB,document_6636.json,484.13
dataset_5MB,document_10065.json,940.57
dataset_5MB,document_8802.json,24.58
dataset_5MB,document_10568.json,1604.62
dataset_5MB,document_4083.json,232.07
dataset_5MB,document_3359.json,139.23
dataset_5MB,document_12.json,219.99
dataset_5MB,document_10750.json,794.75
dataset_5MB,document_10648.json,102.42
dataset_5MB,document_5045.json,896.46
dataset_5MB,document_6253.json,38.01
dataset_5MB,document_5650.json,317.26
dataset_5MB,document_6169.json,798.92
dataset_5MB,document_947.json,751.75
dataset_5MB,document_1007.json,342.03
dataset_5MB,document_5014.json,286.72
dataset_5MB,document_1806.json,107.18
dataset_5MB,document_8765.json,283.33
dataset_5MB,document_7434.json,57.37
dataset_5MB,document_1780.json,105.78
dataset_5MB,document_11431.json,83.75
dataset_5MB,document_5669.json,431.04
dataset_5MB,document_4030.json,345.97
dataset_5MB,document_8888.json,25.26
dataset_5MB,document_554.json,1313.16
dataset_5MB,document_2187.json,572.4
dataset_5MB,document_7140.json,75.61
dataset_5MB,document_8961.json,102.2
dataset_5MB,document_7448.json,319.2
dataset_5MB,document_6390.json,407.45
dataset_5MB,document_3998.json,295.61
dataset_5MB,document_3555.json,315.46
dataset_5MB,document_11269.json,88.05
dataset_5MB,document_6774.json,205.97
dataset_5MB,document_1912.json,127.91
dataset_5MB,document_4484.json,76.23
dataset_5MB,document_2228.json,290.53
dataset_5MB,document_2690.json,45.26
dataset_5MB,document_1174.json,77.7
dataset_5MB,document_5854.json,1490.32
dataset_5MB,document_385.json,283.72
dataset_5MB,document_6651.json,58.9
dataset_5MB,document_4281.json,512.53
dataset_5MB,document_8563.json,368.88
dataset_5MB,document_3243.json,25.18
dataset_5MB,document_6881.json,836.81
dataset_5MB,document_10504.json,382.53
dataset_5MB,document_8965.json,1722.52
dataset_5MB,document_2241.json,78.49
dataset_5MB,document_1470.json,116.01
dataset_5MB,document_8034.json,596.26
dataset_5MB,document_3380.json,567.52
dataset_5MB,document_6650.json,231.62
dataset_5MB,document_8307.json,503.58
dataset_5MB,document_11234.json,138.34
dataset_5MB,document_10217.json,1092.45
dataset_5MB,document_1729.json,470.19
dataset_5MB,document_1411.json,213.29
dataset_5MB,document_10118.json,258.61
dataset_5MB,document_3019.json,201.17
dataset_5MB,document_6609.json,24.91
dataset_5MB,document_8754.json,454.51
dataset_5MB,document_8227.json,659.63
dataset_5MB,document_4312.json,464.3
dataset_5MB,document_3539.json,143.11
dataset_5MB,document_5708.json,325.92
dataset_5MB,document_2191.json,466.4
dataset_5MB,document_10354.json,485.17
dataset_5MB,document_1649.json,521.59
dataset_5MB,document_8985.json,588.54
dataset_5MB,document_5691.json,1221.53
dataset_5MB,document_4681.json,310.65
dataset_5MB,document_4384.json,384.33
dataset_5MB,document_9411.json,19.21
dataset_5MB,document_309.json,100.61
dataset_5MB,document_1330.json,140.81
dataset_5MB,document_5719.json,41.74
dataset_5MB,document_7653.json,107.46
dataset_5MB,document_5476.json,416.69
dataset_5MB,document_2477.json,122.51
dataset_5MB,document_2824.json,466.57
dataset_5MB,document_8870.json,110.95
dataset_5MB,document_5636.json,122.46
dataset_5MB,document_5658.json,272.44
dataset_5MB,document_6625.json,23.43
dataset_5MB,document_1899.json,410.26
dataset_5MB,document_1804.json,446.58
dataset_5MB,document_7245.json,259.88
dataset_5MB,document_1446.json,573.23
dataset_5MB,document_1347.json,844.84
dataset_5MB,document_5620.json,34.03
dataset_5MB,document_3943.json,451.95
dataset_5MB,document_5258.json,117.95
dataset_5MB,document_2067.json,257.83
dataset_5MB,document_4492.json,218.92
dataset_5MB,document_10684.json,74.96
dataset_5MB,document_316.json,197.32
dataset_5MB,document_7591.json,303.56
dataset_5MB,document_83.json,278.46
dataset_5MB,document_2349.json,207.76
dataset_5MB,document_10542.json,42.75
dataset_5MB,document_9834.json,52.05
dataset_5MB,document_10034.json,35.84
dataset_5MB,document_3484.json,71.18
dataset_5MB,document_3252.json,119.17
dataset_5MB,document_892.json,53.94
dataset_5MB,document_6654.json,169.52
dataset_5MB,document_3043.json,766.62
dataset_5MB,document_1218.json,221.23
dataset_5MB,document_1569.json,558.08
dataset_5MB,document_10212.json,360.63
dataset_5MB,document_6143.json,183.52
dataset_5MB,document_5574.json,281.02
dataset_5MB,document_2591.json,210.18
dataset_5MB,document_10839.json,62.59
dataset_5MB,document_3614.json,416.81
dataset_5MB,document_9005.json,501.77
dataset_5MB,document_5876.json,955.32
dataset_5MB,document_3843.json,177.37
dataset_5MB,document_2524.json,241.02
dataset_5MB,document_4180.json,268.82
dataset_5MB,document_7007.json,112.0
dataset_5MB,document_9792.json,305.07
dataset_5MB,document_11390.json,1180.49
dataset_5MB,document_3422.json,37.68
dataset_5MB,document_9893.json,96.63
dataset_5MB,document_8929.json,206.99
dataset_5MB,document_10622.json,304.77
dataset_5MB,document_11.json,202.02
dataset_5MB,document_1764.json,161.63
dataset_5MB,document_8894.json,179.36
dataset_5MB,document_1209.json,23.2
dataset_5MB,document_7208.json,23.89
dataset_5MB,document_4851.json,24.41
dataset_5MB,document_9255.json,1703.3
dataset_5MB,document_5245.json,1241.29
dataset_5MB,document_7805.json,1066.23
dataset_5MB,document_8057.json,85.88
dataset_5MB,document_7118.json,471.43
dataset_5MB,document_9044.json,301.25
dataset_5MB,document_3691.json,154.76
dataset_5MB,document_4889.json,548.87
dataset_5MB,document_3812.json,64.95
dataset_5MB,document_11338.json,322.61
dataset_5MB,document_7334.json,197.57
dataset_5MB,document_9167.json,301.62
dataset_5MB,document_5950.json,756.46
dataset_5MB,document_4031.json,226.65
dataset_5MB,document_7138.json,247.48
dataset_5MB,document_11232.json,1271.44
dataset_5MB,document_2224.json,96.44
dataset_5MB,document_3745.json,1227.53
dataset_5MB,document_2076.json,903.88
dataset_5MB,document_5712.json,493.94
dataset_5MB,document_9074.json,106.01
dataset_5MB,document_6746.json,466.52
dataset_5MB,document_1894.json,62.19
dataset_5MB,document_381.json,121.43
dataset_5MB,document_5628.json,220.53
dataset_5MB,document_1985.json,78.85
dataset_5MB,document_949.json,231.89
dataset_5MB,document_4916.json,110.61
dataset_5MB,document_1537.json,713.13
dataset_5MB,document_4772.json,213.02
dataset_5MB,document_1605.json,680.89
dataset_5MB,document_8153.json,360.34
dataset_5MB,document_10258.json,380.16
dataset_5MB,document_468.json,73.4
dataset_5MB,document_10017.json,542.28
dataset_5MB,document_10862.json,192.65
dataset_5MB,document_5989.json,479.89
dataset_5MB,document_7753.json,23.29
dataset_5MB,document_2382.json,963.04
dataset_5MB,document_7105.json,270.55
dataset_5MB,document_10851.json,429.28
dataset_5MB,document_6492.json,527.91
dataset_5MB,document_750.json,243.61
dataset_5MB,document_6497.json,459.21
dataset_5MB,document_9640.json,1244.73
dataset_5MB,document_8191.json,995.31
twitter,document_3003.json,1679.11
twitter,document_11470.json,1210.66
twitter,document_1429.json,468.88
twitter,document_13804.json,390.67
twitter,document_13231.json,1411.08
twitter,document_6046.json,238.81
twitter,document_935.json,846.22
twitter,document_7872.json,510.38
twitter,document_13673.json,230.28
twitter,document_8420.json,700.94
twitter,document_1929.json,866.65
twitter,document_6974.json,441.05
twitter,document_9804.json,329.83
twitter,document_13012.json,327.62
twitter,document_6355.json,853.86
twitter,document_11124.json,1499.35
twitter,document_7546.json,517.4
twitter,document_9253.json,1555.11
twitter,document_3374.json,894.56
twitter,document_7162.json,380.46
twitter,document_636.json,217.29
twitter,document_12900.json,808.44
twitter,document_839.json,895.92
twitter,document_7123.json,363.9
twitter,document_2199.json,841.71
twitter,document_11613.json,530.39
twitter,document_294.json,1231.49
twitter,document_11838.json,443.13
twitter,document_458.json,390.44
twitter,document_8959.json,838.56
twitter,document_10328.json,480.35
twitter,document_7767.json,213.59
twitter,document_632.json,331.06
twitter,document_12490.json,199.85
twitter,document_3950.json,205.47
twitter,document_8346.json,444.88
twitter,document_13438.json,616.16
twitter,document_13001.json,507.96
twitter,document_2403.json,449.66
twitter,document_12833.json,318.06
twitter,document_4198.json,212.53
twitter,document_4780.json,991.57
twitter,document_14085.json,593.24
twitter,document_6352.json,501.66
twitter,document_4136.json,441.62
twitter,document_1855.json,417.15
twitter,document_3470.json,413.17
twitter,document_3855.json,540.96
twitter,document_6698.json,267.66
twitter,document_5610.json,275.99
twitter,document_863.json,690.17
twitter,document_5550.json,1464.18
twitter,document_11086.json,440.41
twitter,document_10698.json,731.22
twitter,document_11027.json,446.91
twitter,document_11309.json,461.64
twitter,document_7546.json,503.94
twitter,document_12953.json,221.42
twitter,document_6917.json,211.71
twitter,document_8110.json,769.8
twitter,document_13079.json,259.17
twitter,document_2853.json,732.85
twitter,document_9224.json,459.58
twitter,document_2432.json,1095.34
twitter,document_8553.json,1352.83
twitter,document_3517.json,1009.28
twitter,document_12745.json,900.0
twitter,document_3854.json,202.86
twitter,document_11078.json,491.87
twitter,document_7940.json,793.38
twitter,document_1384.json,586.67
twitter,document_811.json,785.66
twitter,document_2499.json,333.4
twitter,document_7547.json,852.79
twitter,document_781.json,538.85
twitter,document_4743.json,508.15
twitter,document_11102.json,645.71
twitter,document_13793.json,657.87
twitter,document_2764.json,666.42
twitter,document_3541.json,491.1
twitter,document_12117.json,349.47
twitter,document_5063.json,522.86
twitter,document_8313.json,323.48
twitter,document_4653.json,192.92
twitter,document_9303.json,187.6
twitter,document_8920.json,444.88
twitter,document_3963.json,796.31
twitter,document_5064.json,683.18
twitter,document_7411.json,1252.44
twitter,document_14061.json,1799.61
twitter,document_12206.json,468.22
twitter,document_3958.json,479.48
twitter,document_1546.json,715.17
twitter,document_7086.json,433.22
twitter,document_12868.json,1053.46
twitter,document_8272.json,895.9
twitter,document_7308.json,526.25
twitter,document_2281.json,662.72
twitter,document_3829.json,786.3
twitter,document_3638.json,825.06
twitter,document_5060.json,488.49
twitter,document_612.json,233.17
twitter,document_4184.json,1066.25
twitter,document_10722.json,215.66
twitter,document_2966.json,234.13
twitter,document_2421.json,710.55
twitter,document_6291.json,204.61
twitter,document_3966.json,1026.47
twitter,document_11586.json,493.28
twitter,document_9542.json,313.93
twitter,document_3568.json,952.82
twitter,document_2926.json,1181.56
twitter,document_10547.json,540.59
twitter,document_7886.json,1060.56
twitter,document_6324.json,302.9
twitter,document_4969.json,169.82
twitter,document_9790.json,1040.89
twitter,document_7255.json,557.04
twitter,document_2594.json,533.03
twitter,document_9899.json,184.39
twitter,document_637.json,680.17
twitter,document_7819.json,396.04
twitter,document_4454.json,191.6
twitter,document_317.json,487.42
twitter,document_12571.json,506.48
twitter,document_3922.json,343.6
twitter,document_10532.json,748.45
twitter,document_512.json,522.76
twitter,document_8578.json,255.37
twitter,document_400.json,498.84
twitter,document_9214.json,977.06
twitter,document_7703.json,236.25
twitter,document_11126.json,163.02
twitter,document_4903.json,296.71
twitter,document_8894.json,860.92
twitter,document_1680.json,268.85
twitter,document_4755.json,433.69
twitter,document_4701.json,897.83
twitter,document_10463.json,492.39
twitter,document_6022.json,652.61
twitter,document_8904.json,601.21
twitter,document_12620.json,179.15
twitter,document_9738.json,321.47
twitter,document_1755.json,173.25
twitter,document_12026.json,226.6
twitter,document_90.json,836.21
twitter,document_10421.json,712.99
twitter,document_12896.json,536.64
twitter,document_4766.json,502.7
twitter,document_10141.json,550.7
twitter,document_12818.json,224.83
twitter,document_5405.json,1164.68
twitter,document_712.json,488.26
twitter,document_8447.json,426.72
twitter,document_8521.json,491.44
twitter,document_14064.json,399.32
twitter,document_4844.json,177.29
twitter,document_1988.json,1506.12
twitter,document_12978.json,1493.28
twitter,document_2291.json,501.87
twitter,document_13645.json,188.12
twitter,document_1150.json,171.98
twitter,document_13224.json,749.88
twitter,document_8130.json,1496.09
twitter,document_12191.json,159.9
twitter,document_10401.json,1271.07
twitter,document_3419.json,195.43
twitter,document_3992.json,318.46
twitter,document_13552.json,768.18
twitter,document_13177.json,255.89
twitter,document_2092.json,380.82
twitter,document_11945.json,1194.37
twitter,document_8820.json,468.09
twitter,document_13288.json,1154.43
twitter,document_9962.json,406.96
twitter,document_3639.json,405.92
twitter,document_5866.json,195.99
twitter,document_6499.json,569.09
twitter,document_10061.json,714.65
twitter,document_4158.json,198.63
twitter,document_2890.json,347.6
twitter,document_8794.json,191.42
twitter,document_769.json,818.4
twitter,document_2552.json,898.31
twitter,document_843.json,422.55
twitter,document_7930.json,835.11
twitter,document_3972.json,486.87
twitter,document_12004.json,809.22
twitter,document_2787.json,330.78
twitter,document_6409.json,861.25
twitter,document_9583.json,1049.82
twitter,document_12990.json,986.42
twitter,document_336.json,546.77
twitter,document_9884.json,386.09
twitter,document_10025.json,1014.0
twitter,document_8510.json,857.69
twitter,document_2639.json,560.46
twitter,document_11507.json,988.43
twitter,document_3928.json,623.81
twitter,document_4569.json,417.09
twitter,document_11087.json,375.25
twitter,document_1784.json,869.98
twitter,document_13548.json,881.2
twitter,document_11646.json,740.37
twitter,document_2850.json,250.1
twitter,document_3704.json,234.54
twitter,document_5565.json,949.26
twitter,document_1389.json,312.77
twitter,document_12200.json,787.67
twitter,document_11309.json,577.98
twitter,document_5357.json,235.57
twitter,document_5899.json,598.92
twitter,document_6022.json,805.91
twitter,document_2329.json,262.62
twitter,document_452.json,258.9
twitter,document_259.json,942.69
twitter,document_1415.json,344.07
twitter,document_4269.json,491.52
twitter,document_957.json,922.98
twitter,document_12689.json,810.65
twitter,document_10696.json,728.52
twitter,document_13592.json,822.43
twitter,document_13784.json,416.27
twitter,document_6036.json,1041.17
twitter,document_12110.json,187.05
twitter,document_2250.json,658.53
twitter,document_11481.json,514.58
twitter,document_2606.json,419.39
twitter,document_4853.json,623.26
twitter,document_12752.json,880.58
twitter,document_9973.json,183.67
twitter,document_455.json,401.38
twitter,document_477.json,730.75
twitter,document_14101.json,236.37
twitter,document_12269.json,466.17
twitter,document_8050.json,228.99
twitter,document_3565.json,1043.3
twitter,document_8419.json,302.88
twitter,document_9011.json,516.17
twitter,document_1058.json,1554.65
twitter,document_4759.json,454.7
twitter,document_6885.json,255.82
twitter,document_1820.json,188.77
twitter,document_14168.json,225.98
twitter,document_12018.json,834.53
twitter,document_12438.json,477.93
twitter,document_10600.json,1014.55
twitter,document_3405.json,378.18
twitter,document_3962.json,640.96
twitter,document_2118.json,261.97
twitter,document_6150.json,174.23
twitter,document_4122.json,184.07
twitter,document_13312.json,470.3
twitter,document_3109.json,195.31
twitter,document_4540.json,425.57
twitter,document_6500.json,771.65
twitter,document_13056.json,416.12
twitter,document_8957.json,178.66
twitter,document_9737.json,562.12
twitter,document_12399.json,202.61
twitter,document_246.json,246.88
twitter,document_5717.json,508.87
twitter,document_12290.json,892.57
twitter,document_6828.json,482.3
twitter,document_9700.json,751.32
twitter,document_1423.json,990.85
twitter,document_5083.json,195.67
twitter,document_5303.json,434.74
twitter,document_878.json,981.55
twitter,document_5203.json,485.78
twitter,document_657.json,848.14
twitter,document_1735.json,691.12
twitter,document_7528.json,371.06
twitter,document_4108.json,711.4
twitter,document_1149.json,787.31
twitter,document_8223.json,429.77
twitter,document_6150.json,190.64
twitter,document_5113.json,679.45
twitter,document_5212.json,299.53
twitter,document_644.json,205.1
twitter,document_13269.json,813.23
twitter,document_7755.json,241.45
twitter,document_7006.json,423.38
twitter,document_816.json,888.7
twitter,document_12368.json,206.76
twitter,document_12380.json,485.0
twitter,document_10227.json,1020.89
twitter,document_10376.json,439.43
twitter,document_10705.json,855.88
twitter,document_6445.json,935.85
twitter,document_563.json,515.14
twitter,document_8191.json,1085.27
twitter,document_4830.json,194.98
twitter,document_7576.json,715.64
twitter,document_10054.json,192.88
twitter,document_4896.json,1015.77
twitter,document_7968.json,245.38
twitter,document_3256.json,499.06
twitter,document_7987.json,354.97
twitter,document_9358.json,589.06
twitter,document_12367.json,1510.91
twitter,document_6889.json,796.25
twitter,document_4649.json,487.36
twitter,document_5574.json,555.1
twitter,document_65.json,782.87
twitter,document_892.json,1547.12
twitter,document_14166.json,542.72
twitter,document_6587.json,195.23
twitter,document_13102.json,402.68
twitter,document_2682.json,855.3
twitter,document_5252.json,1055.84
twitter,document_6429.json,900.36
twitter,document_6197.json,844.28
twitter,document_6107.json,781.69
twitter,document_192.json,801.56
twitter,document_9701.json,1248.56
twitter,document_11040.json,864.93
twitter,document_3869.json,405.46
twitter,document_8358.json,581.65
twitter,document_6954.json,1179.5
twitter,document_1505.json,555.67
twitter,document_9017.json,633.18
twitter,document_4994.json,1610.71
twitter,document_4814.json,777.45
twitter,document_2244.json,891.9
twitter,document_7225.json,181.27
twitter,document_6035.json,337.18
twitter,document_5127.json,601.47
twitter,document_1575.json,375.62
twitter,document_4977.json,755.84
twitter,document_2437.json,655.15
twitter,document_5645.json,973.6
twitter,document_13981.json,513.58
twitter,document_8475.json,455.61
twitter,document_8872.json,495.1
twitter,document_9792.json,763.99
twitter,document_11320.json,452.38
twitter,document_10993.json,703.64
twitter,document_4254.json,803.3
twitter,document_8791.json,415.01
twitter,document_1184.json,462.0
twitter,document_5209.json,499.95
twitter,document_8136.json,602.6
twitter,document_9463.json,989.49
twitter,document_7999.json,202.39
twitter,document_254.json,714.19
twitter,document_13628.json,729.41
twitter,document_361.json,488.93
twitter,document_10190.json,269.65
twitter,document_9812.json,198.45
twitter,document_5897.json,794.39
twitter,document_2940.json,482.2
twitter,document_10077.json,689.31
twitter,document_4507.json,225.09
twitter,document_9605.json,607.72
twitter,document_12363.json,438.18
twitter,document_3629.json,610.71
twitter,document_9528.json,488.75
twitter,document_13190.json,507.18
twitter,document_6433.json,546.64
twitter,document_11861.json,708.42
twitter,document_4747.json,1172.11
twitter,document_6158.json,564.31
twitter,document_13155.json,275.68
twitter,document_13824.json,225.15
twitter,document_250.json,835.98
twitter,document_5041.json,993.92
twitter,document_5785.json,483.63
twitter,document_9340.json,407.03
twitter,document_2604.json,237.57
twitter,document_2407.json,858.94
twitter,document_1271.json,448.62
twitter,document_3060.json,412.81
twitter,document_1478.json,822.63
twitter,document_13017.json,177.15
twitter,document_3983.json,664.81
twitter,document_5168.json,203.93
twitter,document_3477.json,469.05
twitter,document_2250.json,647.73
twitter,document_9927.json,240.99
twitter,document_698.json,438.22
twitter,document_10094.json,902.18
twitter,document_9123.json,1095.34
twitter,document_2897.json,254.13
twitter,document_1968.json,462.7
twitter,document_6875.json,265.57
twitter,document_1957.json,632.92
twitter,document_4349.json,1105.09
twitter,document_2482.json,706.51
twitter,document_13421.json,519.46
twitter,document_11029.json,529.75
twitter,document_11682.json,277.16
twitter,document_12756.json,1120.93
twitter,document_748.json,839.97
twitter,document_8615.json,1430.02
twitter,document_11409.json,600.54
twitter,document_5165.json,497.54
twitter,document_11401.json,197.93
twitter,document_561.json,890.08
twitter,document_2388.json,1039.98
twitter,document_10707.json,751.36
twitter,document_13591.json,506.44
twitter,document_8976.json,254.78
twitter,document_6956.json,796.75
twitter,document_13106.json,560.57
twitter,document_1544.json,497.0
twitter,document_7828.json,502.07
twitter,document_9636.json,736.81
twitter,document_7458.json,752.27
twitter,document_14142.json,208.55
twitter,document_421.json,273.4
twitter,document_14106.json,498.35
twitter,document_2838.json,656.3
twitter,document_11534.json,344.93
twitter,document_6399.json,187.56
twitter,document_2012.json,996.63
twitter,document_4358.json,407.69
twitter,document_5906.json,928.28
twitter,document_595.json,431.34
twitter,document_8405.json,945.36
twitter,document_9745.json,681.47
twitter,document_13560.json,404.7
twitter,document_1984.json,341.82
twitter,document_4902.json,214.44
twitter,document_11605.json,411.2
twitter,document_5792.json,407.54
twitter,document_1003.json,270.88
twitter,document_7412.json,736.54
twitter,document_2308.json,266.16
twitter,document_10830.json,843.67
twitter,document_9231.json,198.28
twitter,document_1178.json,198.72
twitter,document_12184.json,429.21
twitter,document_12691.json,921.28
twitter,document_8880.json,1588.53
twitter,document_11082.json,221.83
twitter,document_10177.json,1275.84
twitter,document_2535.json,1013.6
twitter,document_7687.json,645.83
twitter,document_11724.json,617.17
twitter,document_11166.json,413.39
twitter,document_5756.json,795.07
twitter,document_13525.json,427.04
twitter,document_871.json,519.14
twitter,document_9167.json,1226.24
twitter,document_251.json,241.06
twitter,document_8219.json,872.29
twitter,document_11330.json,563.93
twitter,document_3724.json,626.55
twitter,document_10067.json,214.74
twitter,document_7061.json,477.04
twitter,document_9068.json,261.79
twitter,document_10206.json,281.41
twitter,document_5798.json,1109.04
twitter,document_4549.json,586.74
twitter,document_7932.json,663.66
twitter,document_4239.json,260.17
twitter,document_441.json,325.75
twitter,document_4988.json,847.77
twitter,document_11700.json,206.48
twitter,document_1118.json,228.14
twitter,document_4870.json,859.04
twitter,document_2707.json,314.77
twitter,document_13465.json,422.91
twitter,document_2807.json,518.45
twitter,document_2740.json,978.55
twitter,document_5307.json,443.14
twitter,document_2617.json,632.48
twitter,document_6153.json,1764.03
twitter,document_5323.json,348.18
twitter,document_7762.json,512.29
twitter,document_6424.json,261.0
twitter,document_6799.json,398.64
twitter,document_6485.json,913.57
twitter,document_4612.json,991.98
twitter,document_12708.json,257.6
twitter,document_8858.json,394.79
twitter,document_1420.json,473.52
twitter,document_4174.json,414.03
twitter,document_10244.json,861.62
twitter,document_14089.json,558.76
twitter,document_11148.json,1068.23
twitter,document_12057.json,557.82
twitter,document_2335.json,659.73
twitter,document_11755.json,224.77
twitter,document_4650.json,283.04
twitter,document_646.json,1360.45
twitter,document_3719.json,243.49
twitter,document_7778.json,533.63
twitter,document_3635.json,731.81
twitter,document_7602.json,513.48
twitter,document_11721.json,1010.8
twitter,document_7439.json,207.01
twitter,document_2012.json,941.28
twitter,document_9001.json,214.36
twitter,document_10150.json,901.62
twitter,document_9691.json,244.97
twitter,document_2219.json,865.61
twitter,document_12886.json,565.86
twitter,document_12927.json,650.32
twitter,document_11943.json,589.08
twitter,document_485.json,720.93
twitter,document_9402.json,941.87
twitter,document_1766.json,960.19
twitter,document_7217.json,776.82
twitter,document_7073.json,1136.43
twitter,document_8331.json,669.13
twitter,document_3565.json,1334.41
twitter,document_367.json,1131.4
twitter,document_674.json,1212.84
twitter,document_13474.json,1445.39
twitter,document_1943.json,279.52
twitter,document_11939.json,703.7
twitter,document_12402.json,733.16
twitter,document_8759.json,948.53
twitter,document_13394.json,181.15
twitter,document_10116.json,1363.81
twitter,document_8935.json,723.4
twitter,document_11109.json,192.81
twitter,document_9050.json,176.32
twitter,document_10361.json,178.86
twitter,document_2232.json,376.71
twitter,document_13161.json,405.17
twitter,document_8678.json,192.62
twitter,document_4078.json,485.9
twitter,document_8505.json,391.26
twitter,document_11299.json,790.26
twitter,document_987.json,503.33
twitter,document_10517.json,386.26
twitter,document_6284.json,597.16
twitter,document_6187.json,773.75
twitter,document_7571.json,376.31
twitter,document_7925.json,1135.42
twitter,document_7302.json,479.1
twitter,document_3603.json,707.04
twitter,document_731.json,700.9
twitter,document_4986.json,599.23
twitter,document_13484.json,459.34
twitter,document_6055.json,848.87
twitter,document_12694.json,265.67
twitter,document_4366.json,496.7
twitter,document_8089.json,514.5
twitter,document_12452.json,401.56
twitter,document_12852.json,1002.92
twitter,document_1748.json,664.82
twitter,document_129.json,527.02
twitter,document_3136.json,1135.7
twitter,document_12126.json,321.4
twitter,document_8275.json,918.44
twitter,document_5993.json,472.81
twitter,document_860.json,406.42
twitter,document_11415.json,1175.12
twitter,document_5953.json,534.63
twitter,document_6796.json,1018.75
twitter,document_2812.json,1639.49
twitter,document_3699.json,902.6
twitter,document_12804.json,637.23
twitter,document_6672.json,511.32
twitter,document_10534.json,563.55
twitter,document_12599.json,602.95
twitter,document_12615.json,1011.48
twitter,document_5287.json,243.6
twitter,document_14119.json,516.62
twitter,document_1172.json,612.6
twitter,document_12372.json,619.18
twitter,document_6633.json,905.32
twitter,document_11487.json,532.08
twitter,document_601.json,1114.98
twitter,document_12318.json,217.36
twitter,document_6629.json,472.38
twitter,document_5525.json,876.12
twitter,document_5985.json,275.23
twitter,document_11361.json,513.29
twitter,document_3205.json,436.15
twitter,document_655.json,1015.4
twitter,document_7199.json,205.72
twitter,document_13002.json,251.06
twitter,document_13580.json,528.45
twitter,document_6826.json,786.52
twitter,document_12559.json,671.78
twitter,document_3257.json,472.95
twitter,document_8044.json,511.59
twitter,document_12839.json,371.98
twitter,document_13101.json,596.57
twitter,document_10365.json,739.11
twitter,document_8228.json,467.03
twitter,document_12172.json,1043.28
twitter,document_5655.json,734.02
twitter,document_2207.json,514.85
twitter,document_2799.json,989.24
twitter,document_6186.json,458.89
twitter,document_6073.json,392.7
twitter,document_9469.json,189.52
twitter,document_2240.json,916.34
twitter,document_10878.json,884.27
twitter,document_6971.json,397.01
twitter,document_6117.json,466.53
twitter,document_8654.json,487.25
twitter,document_7810.json,471.77
twitter,document_8990.json,276.71
twitter,document_180.json,1002.05
twitter,document_11545.json,249.2
twitter,document_10788.json,560.65
twitter,document_4359.json,422.15
twitter,document_6055.json,816.18
twitter,document_4193.json,245.4
twitter,document_6533.json,413.63
twitter,document_8263.json,877.97
twitter,document_11768.json,171.63
twitter,document_4541.json,643.19
twitter,document_6337.json,211.66
twitter,document_10369.json,1534.46
twitter,document_5953.json,473.2
twitter,document_2616.json,486.99
twitter,document_12686.json,193.85
twitter,document_8909.json,182.36
twitter,document_1853.json,673.6
twitter,document_4606.json,389.34
twitter,document_10478.json,191.88
twitter,document_13.json,1028.61
twitter,document_12110.json,191.15
twitter,document_5037.json,1221.7
twitter,document_6936.json,451.74
twitter,document_11007.json,708.07
twitter,document_6393.json,191.62
twitter,document_4968.json,943.13
twitter,document_3778.json,182.29
twitter,document_3726.json,478.75
twitter,document_1297.json,171.12
twitter,document_4648.json,236.29
twitter,document_10440.json,169.9
twitter,document_1837.json,332.72
twitter,document_11863.json,497.88
twitter,document_11852.json,835.28
twitter,document_11774.json,380.11
twitter,document_1394.json,215.59
twitter,document_10442.json,857.7
twitter,document_6251.json,198.3
twitter,document_827.json,434.04
twitter,document_10208.json,494.82
twitter,document_5848.json,891.51
twitter,document_11163.json,522.5
twitter,document_4611.json,355.34
twitter,document_11275.json,895.64
twitter,document_12523.json,1106.54
twitter,document_10501.json,438.43
twitter,document_13661.json,480.71
twitter,document_11979.json,258.68
twitter,document_27.json,221.96
twitter,document_7922.json,940.65
twitter,document_8639.json,861.1
twitter,document_12135.json,497.62
twitter,document_4898.json,485.93
twitter,document_5666.json,185.46
twitter,document_2632.json,1023.62
twitter,document_7362.json,535.6
twitter,document_4199.json,1080.48
twitter,document_4483.json,518.95
twitter,document_10378.json,661.64
twitter,document_13409.json,914.59
twitter,document_14108.json,415.12
twitter,document_10228.json,200.26
twitter,document_5970.json,900.54
twitter,document_8172.json,482.53
twitter,document_12364.json,881.78
twitter,document_236.json,824.12
twitter,document_6176.json,346.02
twitter,document_2332.json,1021.03
twitter,document_3104.json,726.73
twitter,document_4651.json,390.69
twitter,document_1605.json,773.71
twitter,document_6468.json,484.51
twitter,document_7140.json,810.64
twitter,document_7645.json,950.36
twitter,document_9043.json,406.17
twitter,document_6539.json,917.24
twitter,document_3168.json,282.02
twitter,document_11242.json,920.35
twitter,document_3476.json,176.14
twitter,document_8923.json,415.2
twitter,document_10304.json,907.9
twitter,document_3463.json,638.38
twitter,document_11132.json,905.61
twitter,document_3172.json,481.12
twitter,document_9480.json,747.93
twitter,document_6055.json,814.83
twitter,document_8183.json,724.5
twitter,document_11840.json,196.61
twitter,document_9200.json,973.6
twitter,document_8188.json,772.4
twitter,document_1212.json,385.53
twitter,document_12342.json,459.09
twitter,document_5265.json,785.67
twitter,document_774.json,943.89
twitter,document_6203.json,467.65
twitter,document_7257.json,509.61
twitter,document_14054.json,613.63
twitter,document_2821.json,1025.59
twitter,document_13417.json,929.54
twitter,document_7954.json,475.47
twitter,document_4023.json,534.86
twitter,document_7786.json,417.66
twitter,document_584.json,191.83
twitter,document_6932.json,923.57
twitter,document_8085.json,335.95
twitter,document_3544.json,196.98
twitter,document_2203.json,253.79
twitter,document_386.json,505.74
twitter,document_610.json,548.85
twitter,document_5110.json,324.03
twitter,document_1038.json,1577.7
twitter,document_13809.json,1084.76
twitter,document_3690.json,224.47
twitter,document_8416.json,1236.26
twitter,document_782.json,493.88
twitter,document_2302.json,478.97
twitter,document_11069.json,522.27
twitter,document_7671.json,535.9
twitter,document_10899.json,268.65
twitter,document_5670.json,573.67
twitter,document_10659.json,824.2
twitter,document_12866.json,635.08
twitter,document_11981.json,921.9
twitter,document_68.json,687.34
twitter,document_12299.json,503.51
twitter,document_9473.json,664.94
twitter,document_7333.json,539.65
twitter,document_1474.json,535.08
twitter,document_3246.json,1706.18
twitter,document_109.json,188.04
twitter,document_5387.json,814.43
twitter,document_12695.json,674.65
twitter,document_941.json,395.37
twitter,document_13559.json,395.81
twitter,document_7400.json,173.23
twitter,document_9918.json,935.76
twitter,document_5408.json,187.17
twitter,document_4584.json,868.98
twitter,document_12243.json,899.51
twitter,document_2205.json,637.76
twitter,document_8380.json,870.59
twitter,document_4087.json,219.71
twitter,document_8545.json,545.35
twitter,document_7858.json,585.51
twitter,document_2339.json,1662.76
twitter,document_1850.json,1323.06
twitter,document_5984.json,773.92
twitter,document_5259.json,413.93
twitter,document_4028.json,975.39
twitter,document_13028.json,1075.36
twitter,document_10444.json,1018.13
twitter,document_12706.json,240.35
twitter,document_1752.json,1171.76
twitter,document_2969.json,554.4
twitter,document_7636.json,1727.83
twitter,document_3040.json,835.58
twitter,document_10775.json,616.0
twitter,document_10747.json,492.85
twitter,document_7194.json,526.82
twitter,document_10019.json,861.2
twitter,document_9920.json,594.07
twitter,document_12835.json,619.06
twitter,document_7812.json,996.05
twitter,document_3134.json,1071.57
twitter,document_9813.json,447.47
twitter,document_12457.json,1096.45
twitter,document_13019.json,727.34
twitter,document_279.json,295.02
twitter,document_13420.json,423.36
twitter,document_1487.json,973.01
twitter,document_1765.json,902.16
twitter,document_9476.json,980.25
twitter,document_12566.json,327.47
twitter,document_6229.json,946.81
twitter,document_4208.json,613.22
twitter,document_4875.json,825.41
twitter,document_8037.json,284.93
twitter,document_13223.json,193.85
twitter,document_7259.json,424.04
twitter,document_631.json,856.38
twitter,document_7695.json,288.81
twitter,document_5.json,193.69
twitter,document_389.json,865.66
twitter,document_13433.json,586.92
twitter,document_6099.json,994.85
twitter,document_8219.json,951.6
twitter,document_10054.json,230.5
twitter,document_141.json,591.35
twitter,document_10882.json,275.72
twitter,document_9339.json,502.21
twitter,document_13697.json,1251.79
twitter,document_6885.json,270.13
twitter,document_528.json,231.5
twitter,document_11949.json,292.41
twitter,document_11667.json,546.66
twitter,document_10404.json,310.4
twitter,document_9733.json,1176.18
twitter,document_3779.json,945.91
twitter,document_7337.json,604.64
twitter,document_5204.json,1007.79
twitter,document_9765.json,694.98
twitter,document_8353.json,812.68
twitter,document_6482.json,1147.08
twitter,document_9317.json,486.61
twitter,document_231.json,1042.11
twitter,document_1010.json,905.67
twitter,document_7126.json,226.87
twitter,document_1647.json,186.24
twitter,document_2328.json,497.65
twitter,document_9663.json,828.66
twitter,document_12817.json,816.03
twitter,document_8674.json,756.3
twitter,document_7068.json,489.58
twitter,document_5789.json,402.41
twitter,document_12621.json,917.16
twitter,document_3615.json,375.77
twitter,document_5763.json,381.45
twitter,document_11110.json,210.83
twitter,document_2048.json,617.76
twitter,document_1400.json,1440.01
twitter,document_13388.json,412.43
twitter,document_10243.json,654.7
twitter,document_10710.json,467.05
twitter,document_7126.json,225.67
twitter,document_11425.json,440.65
twitter,document_8333.json,492.15
twitter,document_5344.json,1328.77
twitter,document_1521.json,166.48
twitter,document_7180.json,424.24
twitter,document_6439.json,867.97
twitter,document_12835.json,525.82
twitter,document_10216.json,772.27
twitter,document_7565.json,883.71
twitter,document_7215.json,452.69
twitter,document_7004.json,182.57
twitter,document_3035.json,173.24
twitter,document_10574.json,476.53
twitter,document_5549.json,403.33
twitter,document_11455.json,474.91
twitter,document_7686.json,337.93
twitter,document_13394.json,174.87
twitter,document_9986.json,341.21
twitter,document_12650.json,447.51
twitter,document_1787.json,657.85
twitter,document_2848.json,378.15
twitter,document_10113.json,173.16
twitter,document_13874.json,1230.83
twitter,document_8232.json,451.95
twitter,document_7618.json,582.89
twitter,document_12236.json,397.3
twitter,document_7053.json,468.0
twitter,document_10758.json,757.12
twitter,document_4100.json,189.32
twitter,document_2841.json,832.28
twitter,document_785.json,511.29
twitter,document_8768.json,181.76
twitter,document_9077.json,528.81
twitter,document_13782.json,182.82
twitter,document_4616.json,430.65
twitter,document_13812.json,250.39
twitter,document_5292.json,846.53
twitter,document_9194.json,886.84
twitter,document_6387.json,168.13
twitter,document_6346.json,631.44
twitter,document_2712.json,655.89
twitter,document_740.json,1435.55
twitter,document_5404.json,1131.09
twitter,document_10373.json,242.93
twitter,document_1621.json,337.96
twitter,document_9088.json,388.45
twitter,document_4047.json,752.3
twitter,document_14169.json,796.73
twitter,document_9385.json,674.66
twitter,document_6100.json,536.42
twitter,document_5241.json,1129.39
twitter,document_7575.json,880.65
twitter,document_3545.json,710.7
twitter,document_1544.json,484.41
twitter,document_6674.json,841.72
twitter,document_8795.json,838.95
twitter,document_4013.json,757.84
twitter,document_3112.json,1003.48
twitter,document_8372.json,414.41
twitter,document_10233.json,568.25
twitter,document_1962.json,744.86
twitter,document_4037.json,204.6
twitter,document_7228.json,453.86
twitter,document_14078.json,196.53
twitter,document_11557.json,625.4
twitter,document_4606.json,387.97
twitter,document_10324.json,843.97
twitter,document_481.json,268.05
twitter,document_9586.json,204.62
twitter,document_2408.json,361.76
twitter,document_770.json,1495.72
twitter,document_1820.json,195.77
twitter,document_1001.json,847.42
twitter,document_6611.json,950.51
twitter,document_6268.json,264.91
twitter,document_9077.json,595.84
twitter,document_7523.json,381.48
twitter,document_8173.json,412.88
twitter,document_5696.json,339.94
twitter,document_6005.json,226.14
twitter,document_1607.json,390.96
twitter,document_6913.json,393.44
twitter,document_1045.json,413.25
twitter,document_11589.json,679.42
twitter,document_3871.json,788.3
twitter,document_12569.json,566.23
twitter,document_11194.json,239.77
twitter,document_9975.json,971.76
twitter,document_2100.json,233.22
twitter,document_7611.json,796.32
twitter,document_3218.json,453.66
twitter,document_12099.json,899.82
twitter,document_5907.json,495.69
twitter,document_4857.json,675.96
twitter,document_5996.json,323.49
twitter,document_216.json,212.09
twitter,document_9584.json,471.86
twitter,document_6992.json,995.51
twitter,document_6344.json,875.28
twitter,document_6683.json,902.57
twitter,document_13883.json,192.0
twitter,document_3339.json,463.12
twitter,document_5582.json,192.13
twitter,document_433.json,411.58
twitter,document_973.json,425.16
twitter,document_11641.json,234.84
twitter,document_9135.json,479.14
twitter,document_10224.json,255.05
twitter,document_9624.json,777.13
twitter,document_3395.json,955.43
twitter,document_9280.json,212.48
twitter,document_10001.json,807.1
twitter,document_11605.json,423.5
twitter,document_11487.json,470.57
twitter,document_10749.json,201.4
twitter,document_3426.json,222.94
twitter,document_6227.json,297.86
twitter,document_3776.json,979.95
twitter,document_4839.json,448.02
twitter,document_7268.json,510.53
twitter,document_3098.json,497.18
twitter,document_9757.json,714.27
twitter,document_3079.json,1043.31
twitter,document_4145.json,1481.01
twitter,document_9614.json,920.65
twitter,document_13065.json,205.63
twitter,document_1398.json,957.77
twitter,document_5443.json,185.37
twitter,document_1749.json,303.27
twitter,document_12097.json,246.33
twitter,document_1827.json,360.14
twitter,document_10867.json,306.83
twitter,document_8489.json,480.25
twitter,document_11668.json,394.85
twitter,document_4617.json,446.67
twitter,document_11469.json,790.6
twitter,document_9230.json,498.18
twitter,document_12045.json,719.98
twitter,document_116.json,307.85
twitter,document_13966.json,411.69
twitter,document_5878.json,462.01
twitter,document_731.json,726.82
twitter,document_7376.json,878.0
twitter,document_4759.json,375.89
twitter,document_6033.json,595.85
twitter,document_3891.json,739.79
twitter,document_11693.json,234.03
twitter,document_12672.json,1579.3
twitter,document_2313.json,718.98
twitter,document_8038.json,1168.37
twitter,document_7845.json,861.73
twitter,document_10136.json,234.42
twitter,document_4465.json,181.92
twitter,document_11020.json,417.34
twitter,document_6308.json,584.41
twitter,document_2239.json,196.6
twitter,document_10350.json,1353.85
twitter,document_4790.json,965.04
twitter,document_14050.json,1491.74
twitter,document_2446.json,230.05
twitter,document_2997.json,723.08
twitter,document_5152.json,302.82
twitter,document_5844.json,1000.9
twitter,document_6541.json,504.05
twitter,document_2497.json,363.29
twitter,document_962.json,922.49
twitter,document_2239.json,190.58
twitter,document_1285.json,280.66
twitter,document_8407.json,511.43
twitter,document_4948.json,937.31
twitter,document_9774.json,769.35
twitter,document_5846.json,286.96
twitter,document_7656.json,716.78
twitter,document_9820.json,969.69
twitter,document_12816.json,851.1
twitter,document_4281.json,1083.6
